-- --------------------------------------------------------
-- Host:                         127.0.0.1
-- Server version:               5.6.16 - MySQL Community Server (GPL)
-- Server OS:                    Win32
-- HeidiSQL Version:             9.1.0.4867
-- --------------------------------------------------------

/*!40101 SET @OLD_CHARACTER_SET_CLIENT=@@CHARACTER_SET_CLIENT */;
/*!40101 SET NAMES utf8mb4 */;
/*!40014 SET @OLD_FOREIGN_KEY_CHECKS=@@FOREIGN_KEY_CHECKS, FOREIGN_KEY_CHECKS=0 */;
/*!40101 SET @OLD_SQL_MODE=@@SQL_MODE, SQL_MODE='NO_AUTO_VALUE_ON_ZERO' */;

-- Dumping structure for table nourneer.tbl_booking
CREATE TABLE IF NOT EXISTS `tbl_booking` (
  `id` int(5) NOT NULL AUTO_INCREMENT,
  `time_id` int(2) NOT NULL,
  `seat_row` varchar(2) NOT NULL,
  `seat_column` varchar(2) NOT NULL,
  `status` varchar(2) NOT NULL,
  PRIMARY KEY (`id`)
) ENGINE=MyISAM AUTO_INCREMENT=5885 DEFAULT CHARSET=latin1;

-- Dumping data for table nourneer.tbl_booking: 4,880 rows
/*!40000 ALTER TABLE `tbl_booking` DISABLE KEYS */;
INSERT INTO `tbl_booking` (`id`, `time_id`, `seat_row`, `seat_column`, `status`) VALUES
	(7, 1, 'O', '28', '0'),
	(6, 1, 'O', '29', '0'),
	(5, 1, 'O', '30', '0'),
	(8, 1, 'O', '27', '0'),
	(9, 1, 'O', '26', '0'),
	(10, 1, 'O', '25', '0'),
	(11, 1, 'O', '24', '0'),
	(12, 1, 'O', '23', '0'),
	(13, 1, 'O', '22', '1'),
	(14, 1, 'O', '21', '0'),
	(15, 1, 'O', '20', '0'),
	(16, 1, 'O', '19', '0'),
	(17, 1, 'O', '18', '0'),
	(18, 1, 'O', '17', '0'),
	(2684, 3, 'J', '21', '0'),
	(20, 1, 'O', '15', '0'),
	(21, 1, 'O', '14', '0'),
	(22, 1, 'O', '13', '0'),
	(23, 1, 'O', '12', '0'),
	(24, 1, 'O', '11', '0'),
	(25, 1, 'O', '10', '0'),
	(26, 1, 'O', '9', '0'),
	(27, 1, 'O', '8', '0'),
	(28, 1, 'O', '7', '0'),
	(29, 1, 'O', '6', '0'),
	(30, 1, 'O', '5', '0'),
	(31, 1, 'O', '4', '0'),
	(32, 1, 'O', '3', '0'),
	(33, 1, 'O', '2', '0'),
	(34, 1, 'O', '1', '0'),
	(35, 1, 'N', '30', '0'),
	(36, 1, 'N', '29', '0'),
	(37, 1, 'N', '28', '0'),
	(38, 1, 'N', '27', '0'),
	(39, 1, 'N', '26', '0'),
	(40, 1, 'N', '25', '0'),
	(41, 1, 'N', '24', '0'),
	(42, 1, 'N', '23', '0'),
	(43, 1, 'N', '22', '0'),
	(44, 1, 'N', '21', '0'),
	(45, 1, 'N', '20', '0'),
	(46, 1, 'N', '19', '0'),
	(47, 1, 'N', '18', '0'),
	(48, 1, 'N', '17', '0'),
	(2683, 3, 'J', '22', '0'),
	(50, 1, 'N', '15', '0'),
	(51, 1, 'N', '14', '0'),
	(52, 1, 'N', '13', '0'),
	(53, 1, 'N', '12', '0'),
	(54, 1, 'N', '11', '0'),
	(55, 1, 'N', '10', '0'),
	(56, 1, 'N', '9', '0'),
	(57, 1, 'N', '8', '0'),
	(58, 1, 'N', '7', '0'),
	(59, 1, 'N', '6', '0'),
	(60, 1, 'N', '5', '0'),
	(61, 1, 'N', '4', '0'),
	(62, 1, 'N', '3', '0'),
	(63, 1, 'N', '2', '0'),
	(64, 1, 'N', '1', '0'),
	(65, 1, 'M', '30', '0'),
	(66, 1, 'M', '29', '0'),
	(67, 1, 'M', '28', '0'),
	(68, 1, 'M', '27', '0'),
	(69, 1, 'M', '26', '0'),
	(70, 1, 'M', '25', '0'),
	(71, 1, 'M', '24', '0'),
	(72, 1, 'M', '23', '0'),
	(73, 1, 'M', '22', '0'),
	(74, 1, 'M', '21', '0'),
	(75, 1, 'M', '20', '0'),
	(76, 1, 'M', '19', '0'),
	(77, 1, 'M', '18', '0'),
	(78, 1, 'M', '17', '0'),
	(2682, 3, 'J', '23', '0'),
	(80, 1, 'M', '15', '0'),
	(81, 1, 'M', '14', '0'),
	(82, 1, 'M', '13', '0'),
	(83, 1, 'M', '12', '0'),
	(84, 1, 'M', '11', '0'),
	(85, 1, 'M', '10', '0'),
	(86, 1, 'M', '9', '0'),
	(87, 1, 'M', '8', '0'),
	(88, 1, 'M', '7', '0'),
	(89, 1, 'M', '6', '0'),
	(90, 1, 'M', '5', '0'),
	(91, 1, 'M', '4', '0'),
	(92, 1, 'M', '3', '0'),
	(93, 1, 'M', '2', '0'),
	(94, 1, 'M', '1', '0'),
	(95, 1, 'L', '30', '0'),
	(96, 1, 'L', '29', '0'),
	(97, 1, 'L', '28', '0'),
	(98, 1, 'L', '27', '0'),
	(99, 1, 'L', '26', '0'),
	(100, 1, 'L', '25', '0'),
	(101, 1, 'L', '24', '0'),
	(102, 1, 'L', '23', '0'),
	(103, 1, 'L', '22', '0'),
	(104, 1, 'L', '21', '0'),
	(105, 1, 'L', '20', '0'),
	(106, 1, 'L', '19', '0'),
	(107, 1, 'L', '18', '0'),
	(108, 1, 'L', '17', '0'),
	(2681, 3, 'J', '24', '0'),
	(110, 1, 'L', '15', '1'),
	(111, 1, 'L', '14', '0'),
	(112, 1, 'L', '13', '0'),
	(113, 1, 'L', '12', '0'),
	(114, 1, 'L', '11', '0'),
	(115, 1, 'L', '10', '0'),
	(116, 1, 'L', '9', '0'),
	(117, 1, 'L', '8', '0'),
	(118, 1, 'L', '7', '0'),
	(119, 1, 'L', '6', '0'),
	(120, 1, 'L', '5', '0'),
	(121, 1, 'L', '4', '1'),
	(122, 1, 'L', '3', '0'),
	(123, 1, 'L', '2', '0'),
	(124, 1, 'L', '1', '0'),
	(125, 1, 'K', '30', '0'),
	(126, 1, 'K', '29', '0'),
	(127, 1, 'K', '28', '0'),
	(128, 1, 'K', '27', '0'),
	(129, 1, 'K', '26', '0'),
	(130, 1, 'K', '25', '0'),
	(131, 1, 'K', '24', '0'),
	(132, 1, 'K', '23', '0'),
	(133, 1, 'K', '22', '1'),
	(134, 1, 'K', '21', '0'),
	(135, 1, 'K', '20', '0'),
	(136, 1, 'K', '19', '0'),
	(137, 1, 'K', '18', '0'),
	(138, 1, 'K', '17', '0'),
	(2680, 3, 'J', '25', '0'),
	(140, 1, 'K', '15', '1'),
	(141, 1, 'K', '14', '0'),
	(142, 1, 'K', '13', '0'),
	(143, 1, 'K', '12', '0'),
	(144, 1, 'K', '11', '0'),
	(145, 1, 'K', '10', '0'),
	(146, 1, 'K', '9', '0'),
	(147, 1, 'K', '8', '0'),
	(148, 1, 'K', '7', '0'),
	(149, 1, 'K', '6', '0'),
	(150, 1, 'K', '5', '0'),
	(151, 1, 'K', '4', '1'),
	(152, 1, 'K', '3', '0'),
	(153, 1, 'K', '2', '0'),
	(154, 1, 'K', '1', '0'),
	(155, 1, 'J', '30', '0'),
	(156, 1, 'J', '29', '0'),
	(157, 1, 'J', '28', '0'),
	(158, 1, 'J', '27', '0'),
	(159, 1, 'J', '26', '0'),
	(160, 1, 'J', '25', '0'),
	(161, 1, 'J', '24', '0'),
	(162, 1, 'J', '23', '0'),
	(163, 1, 'J', '22', '1'),
	(164, 1, 'J', '21', '0'),
	(165, 1, 'J', '20', '0'),
	(166, 1, 'J', '19', '0'),
	(167, 1, 'J', '18', '0'),
	(168, 1, 'J', '17', '0'),
	(2679, 3, 'J', '26', '0'),
	(170, 1, 'J', '15', '1'),
	(171, 1, 'J', '14', '0'),
	(172, 1, 'J', '13', '0'),
	(173, 1, 'J', '12', '0'),
	(174, 1, 'J', '11', '0'),
	(175, 1, 'J', '10', '0'),
	(176, 1, 'J', '9', '0'),
	(177, 1, 'J', '8', '0'),
	(178, 1, 'J', '7', '0'),
	(179, 1, 'J', '6', '0'),
	(180, 1, 'J', '5', '0'),
	(181, 1, 'J', '4', '1'),
	(182, 1, 'J', '3', '0'),
	(183, 1, 'J', '2', '0'),
	(184, 1, 'J', '1', '0'),
	(185, 1, 'I', '30', '0'),
	(186, 1, 'I', '29', '0'),
	(187, 1, 'I', '28', '0'),
	(188, 1, 'I', '27', '0'),
	(2678, 3, 'J', '27', '0'),
	(190, 1, 'I', '25', '0'),
	(191, 1, 'I', '24', '0'),
	(192, 1, 'I', '23', '0'),
	(193, 1, 'I', '22', '1'),
	(194, 1, 'I', '21', '0'),
	(195, 1, 'I', '20', '0'),
	(196, 1, 'I', '19', '0'),
	(197, 1, 'I', '18', '0'),
	(198, 1, 'I', '17', '0'),
	(2677, 3, 'J', '28', '0'),
	(200, 1, 'I', '15', '1'),
	(201, 1, 'I', '14', '0'),
	(202, 1, 'I', '13', '0'),
	(203, 1, 'I', '12', '0'),
	(204, 1, 'I', '11', '0'),
	(205, 1, 'I', '10', '0'),
	(206, 1, 'I', '9', '0'),
	(207, 1, 'I', '8', '0'),
	(208, 1, 'I', '7', '0'),
	(209, 1, 'I', '6', '0'),
	(210, 1, 'I', '5', '0'),
	(211, 1, 'I', '4', '1'),
	(212, 1, 'I', '3', '0'),
	(213, 1, 'I', '2', '0'),
	(214, 1, 'I', '1', '0'),
	(215, 1, 'H', '30', '0'),
	(216, 1, 'H', '29', '0'),
	(217, 1, 'H', '28', '0'),
	(218, 1, 'H', '27', '0'),
	(219, 1, 'H', '26', '0'),
	(220, 1, 'H', '25', '1'),
	(2676, 3, 'J', '29', '0'),
	(222, 1, 'H', '23', '0'),
	(223, 1, 'H', '22', '1'),
	(2675, 3, 'J', '30', '0'),
	(225, 1, 'H', '20', '0'),
	(226, 1, 'H', '19', '0'),
	(227, 1, 'H', '18', '0'),
	(228, 1, 'H', '17', '0'),
	(2674, 3, 'K', '1', '0'),
	(230, 1, 'H', '15', '0'),
	(231, 1, 'H', '14', '1'),
	(232, 1, 'H', '13', '0'),
	(233, 1, 'H', '12', '0'),
	(234, 1, 'H', '11', '0'),
	(235, 1, 'H', '10', '0'),
	(236, 1, 'H', '9', '0'),
	(237, 1, 'H', '8', '0'),
	(238, 1, 'H', '7', '0'),
	(239, 1, 'H', '6', '0'),
	(240, 1, 'H', '5', '0'),
	(241, 1, 'H', '4', '1'),
	(242, 1, 'H', '3', '0'),
	(243, 1, 'H', '2', '0'),
	(244, 1, 'H', '1', '0'),
	(245, 1, 'G', '30', '0'),
	(246, 1, 'G', '29', '0'),
	(247, 1, 'G', '28', '0'),
	(248, 1, 'G', '27', '0'),
	(249, 1, 'G', '26', '0'),
	(2673, 3, 'K', '2', '0'),
	(251, 1, 'G', '24', '1'),
	(252, 1, 'G', '23', '0'),
	(253, 1, 'G', '22', '1'),
	(254, 1, 'G', '21', '1'),
	(2672, 3, 'K', '3', '0'),
	(256, 1, 'G', '19', '1'),
	(257, 1, 'G', '18', '1'),
	(2671, 3, 'K', '4', '0'),
	(2670, 3, 'K', '5', '0'),
	(260, 1, 'G', '15', '0'),
	(261, 1, 'G', '14', '0'),
	(2669, 3, 'K', '6', '0'),
	(263, 1, 'G', '12', '0'),
	(264, 1, 'G', '11', '0'),
	(2668, 3, 'K', '7', '0'),
	(266, 1, 'G', '9', '0'),
	(267, 1, 'G', '8', '0'),
	(268, 1, 'G', '7', '0'),
	(269, 1, 'G', '6', '0'),
	(270, 1, 'G', '5', '0'),
	(271, 1, 'G', '4', '1'),
	(272, 1, 'G', '3', '0'),
	(273, 1, 'G', '2', '0'),
	(274, 1, 'G', '1', '0'),
	(275, 1, 'F', '30', '0'),
	(276, 1, 'F', '29', '0'),
	(277, 1, 'F', '28', '0'),
	(278, 1, 'F', '27', '0'),
	(2667, 3, 'K', '8', '0'),
	(2666, 3, 'K', '9', '0'),
	(281, 1, 'F', '24', '0'),
	(282, 1, 'F', '23', '0'),
	(283, 1, 'F', '22', '1'),
	(284, 1, 'F', '21', '0'),
	(285, 1, 'F', '20', '0'),
	(286, 1, 'F', '19', '0'),
	(287, 1, 'F', '18', '0'),
	(288, 1, 'F', '17', '0'),
	(2665, 3, 'K', '10', '0'),
	(290, 1, 'F', '15', '0'),
	(291, 1, 'F', '14', '0'),
	(292, 1, 'F', '13', '0'),
	(2664, 3, 'K', '11', '0'),
	(294, 1, 'F', '11', '0'),
	(295, 1, 'F', '10', '0'),
	(296, 1, 'F', '9', '0'),
	(297, 1, 'F', '8', '0'),
	(298, 1, 'F', '7', '0'),
	(299, 1, 'F', '6', '0'),
	(300, 1, 'F', '5', '0'),
	(301, 1, 'F', '4', '1'),
	(302, 1, 'F', '3', '0'),
	(303, 1, 'F', '2', '0'),
	(304, 1, 'F', '1', '0'),
	(305, 1, 'E', '30', '0'),
	(306, 1, 'E', '29', '0'),
	(307, 1, 'E', '28', '0'),
	(308, 1, 'E', '27', '0'),
	(2663, 3, 'K', '12', '0'),
	(2662, 3, 'K', '13', '0'),
	(311, 1, 'E', '24', '0'),
	(312, 1, 'E', '23', '0'),
	(313, 1, 'E', '22', '1'),
	(314, 1, 'E', '21', '0'),
	(315, 1, 'E', '20', '0'),
	(316, 1, 'E', '19', '0'),
	(317, 1, 'E', '18', '0'),
	(318, 1, 'E', '17', '1'),
	(2661, 3, 'K', '14', '0'),
	(320, 1, 'E', '15', '0'),
	(2660, 3, 'K', '15', '0'),
	(322, 1, 'E', '13', '0'),
	(323, 1, 'E', '12', '0'),
	(324, 1, 'E', '11', '0'),
	(325, 1, 'E', '10', '0'),
	(326, 1, 'E', '9', '0'),
	(327, 1, 'E', '8', '0'),
	(328, 1, 'E', '7', '0'),
	(329, 1, 'E', '6', '0'),
	(330, 1, 'E', '5', '0'),
	(331, 1, 'E', '4', '1'),
	(332, 1, 'E', '3', '0'),
	(333, 1, 'E', '2', '0'),
	(334, 1, 'E', '1', '0'),
	(335, 1, 'D', '30', '0'),
	(336, 1, 'D', '29', '0'),
	(337, 1, 'D', '28', '0'),
	(2659, 3, 'K', '16', '0'),
	(2658, 3, 'K', '17', '0'),
	(2657, 3, 'K', '18', '0'),
	(2656, 3, 'K', '19', '0'),
	(2655, 3, 'K', '20', '0'),
	(343, 1, 'D', '22', '1'),
	(344, 1, 'D', '21', '0'),
	(345, 1, 'D', '20', '0'),
	(346, 1, 'D', '19', '0'),
	(347, 1, 'D', '18', '1'),
	(348, 1, 'D', '17', '1'),
	(2654, 3, 'K', '21', '0'),
	(350, 1, 'D', '15', '0'),
	(351, 1, 'D', '14', '1'),
	(352, 1, 'D', '13', '0'),
	(353, 1, 'D', '12', '0'),
	(354, 1, 'D', '11', '0'),
	(355, 1, 'D', '10', '0'),
	(356, 1, 'D', '9', '0'),
	(357, 1, 'D', '8', '0'),
	(358, 1, 'D', '7', '0'),
	(359, 1, 'D', '6', '0'),
	(360, 1, 'D', '5', '0'),
	(361, 1, 'D', '4', '1'),
	(362, 1, 'D', '3', '0'),
	(363, 1, 'D', '2', '0'),
	(364, 1, 'D', '1', '0'),
	(2653, 3, 'K', '22', '0'),
	(2652, 3, 'K', '23', '0'),
	(2651, 3, 'K', '24', '0'),
	(2650, 3, 'K', '25', '0'),
	(2649, 3, 'K', '26', '0'),
	(2648, 3, 'K', '27', '0'),
	(2647, 3, 'K', '28', '0'),
	(2646, 3, 'K', '29', '0'),
	(373, 1, 'C', '22', '1'),
	(374, 1, 'C', '21', '0'),
	(375, 1, 'C', '20', '0'),
	(2645, 3, 'K', '30', '0'),
	(2644, 3, 'L', '1', '0'),
	(2643, 3, 'L', '2', '0'),
	(2642, 3, 'L', '3', '0'),
	(2641, 3, 'L', '4', '0'),
	(381, 1, 'C', '14', '0'),
	(2640, 3, 'L', '5', '0'),
	(2639, 3, 'L', '6', '0'),
	(2638, 3, 'L', '7', '0'),
	(2637, 3, 'L', '8', '0'),
	(386, 1, 'C', '9', '0'),
	(387, 1, 'C', '8', '0'),
	(388, 1, 'C', '7', '0'),
	(389, 1, 'C', '6', '0'),
	(390, 1, 'C', '5', '0'),
	(391, 1, 'C', '4', '1'),
	(392, 1, 'C', '3', '0'),
	(393, 1, 'C', '2', '0'),
	(394, 1, 'C', '1', '0'),
	(2636, 3, 'L', '9', '0'),
	(2635, 3, 'L', '10', '0'),
	(2634, 3, 'L', '11', '0'),
	(2633, 3, 'L', '12', '0'),
	(2632, 3, 'L', '13', '0'),
	(2631, 3, 'L', '14', '0'),
	(2630, 3, 'L', '15', '0'),
	(2629, 3, 'L', '16', '0'),
	(2628, 3, 'L', '17', '0'),
	(2627, 3, 'L', '18', '0'),
	(2626, 3, 'L', '19', '0'),
	(2625, 3, 'L', '20', '0'),
	(2624, 3, 'L', '21', '0'),
	(408, 1, 'B', '17', '0'),
	(409, 1, 'B', '16', '0'),
	(410, 1, 'B', '15', '0'),
	(411, 1, 'B', '14', '0'),
	(412, 1, 'B', '13', '0'),
	(2623, 3, 'L', '22', '0'),
	(2622, 3, 'L', '23', '0'),
	(2621, 3, 'L', '24', '0'),
	(2620, 3, 'L', '25', '0'),
	(2619, 3, 'L', '26', '0'),
	(2618, 3, 'L', '27', '0'),
	(2617, 3, 'L', '28', '0'),
	(2616, 3, 'L', '29', '0'),
	(2615, 3, 'L', '30', '0'),
	(2614, 3, 'M', '1', '0'),
	(2613, 3, 'M', '2', '0'),
	(2612, 3, 'M', '3', '0'),
	(2611, 3, 'M', '4', '0'),
	(2610, 3, 'M', '5', '0'),
	(2609, 3, 'M', '6', '0'),
	(2608, 3, 'M', '7', '0'),
	(2607, 3, 'M', '8', '0'),
	(2606, 3, 'M', '9', '0'),
	(2605, 3, 'M', '10', '0'),
	(2604, 3, 'M', '11', '0'),
	(2603, 3, 'M', '12', '0'),
	(2602, 3, 'M', '13', '0'),
	(2601, 3, 'M', '14', '0'),
	(2600, 3, 'M', '15', '0'),
	(2599, 3, 'M', '16', '0'),
	(2598, 3, 'M', '17', '0'),
	(2597, 3, 'M', '18', '0'),
	(2596, 3, 'M', '19', '0'),
	(2595, 3, 'M', '20', '0'),
	(2594, 3, 'M', '21', '0'),
	(2593, 3, 'M', '22', '0'),
	(2592, 3, 'M', '23', '0'),
	(2591, 3, 'M', '24', '0'),
	(2590, 3, 'M', '25', '0'),
	(2589, 3, 'M', '26', '0'),
	(2588, 3, 'M', '27', '0'),
	(2587, 3, 'M', '28', '0'),
	(2586, 3, 'M', '29', '0'),
	(2585, 3, 'M', '30', '0'),
	(2584, 3, 'N', '1', '0'),
	(2583, 3, 'N', '2', '0'),
	(2582, 3, 'N', '3', '0'),
	(2581, 3, 'N', '4', '0'),
	(2580, 3, 'N', '5', '0'),
	(2579, 3, 'N', '6', '0'),
	(2578, 3, 'N', '7', '0'),
	(2577, 3, 'N', '8', '0'),
	(2576, 3, 'N', '9', '0'),
	(2575, 3, 'N', '10', '0'),
	(2574, 3, 'N', '11', '0'),
	(2573, 3, 'N', '12', '0'),
	(2572, 3, 'N', '13', '0'),
	(2571, 3, 'N', '14', '0'),
	(2570, 3, 'N', '15', '0'),
	(2569, 3, 'N', '16', '0'),
	(2568, 3, 'N', '17', '0'),
	(2567, 3, 'N', '18', '0'),
	(2566, 3, 'N', '19', '0'),
	(2565, 3, 'N', '20', '0'),
	(2564, 3, 'N', '21', '0'),
	(2563, 3, 'N', '22', '0'),
	(2562, 3, 'N', '23', '0'),
	(2561, 3, 'N', '24', '0'),
	(2560, 3, 'N', '25', '0'),
	(2559, 3, 'N', '26', '0'),
	(2558, 3, 'N', '27', '0'),
	(2557, 3, 'N', '28', '0'),
	(2556, 3, 'N', '29', '0'),
	(2555, 3, 'N', '30', '0'),
	(2554, 3, 'O', '1', '0'),
	(2553, 3, 'O', '2', '0'),
	(2552, 3, 'O', '3', '0'),
	(2551, 3, 'O', '4', '0'),
	(2550, 3, 'O', '5', '0'),
	(2549, 3, 'O', '6', '0'),
	(2548, 3, 'O', '7', '0'),
	(2547, 3, 'O', '8', '0'),
	(2546, 3, 'O', '9', '0'),
	(2545, 3, 'O', '10', '0'),
	(2544, 3, 'O', '11', '0'),
	(2543, 3, 'O', '12', '0'),
	(2542, 3, 'O', '13', '0'),
	(2541, 3, 'O', '14', '0'),
	(2540, 3, 'O', '15', '0'),
	(2539, 3, 'O', '16', '0'),
	(2538, 3, 'O', '17', '0'),
	(2537, 3, 'O', '18', '0'),
	(2536, 3, 'O', '19', '0'),
	(2535, 3, 'O', '20', '0'),
	(2534, 3, 'O', '21', '0'),
	(2533, 3, 'O', '22', '0'),
	(2532, 3, 'O', '23', '0'),
	(2531, 3, 'O', '24', '0'),
	(2530, 3, 'O', '25', '0'),
	(2529, 3, 'O', '26', '0'),
	(2528, 3, 'O', '27', '0'),
	(2527, 3, 'O', '28', '0'),
	(2526, 3, 'O', '29', '0'),
	(2525, 3, 'O', '30', '0'),
	(2524, 2, 'B', '1', '0'),
	(2523, 2, 'B', '2', '0'),
	(2522, 2, 'B', '3', '0'),
	(2521, 2, 'B', '4', '0'),
	(2520, 2, 'B', '5', '0'),
	(2519, 2, 'B', '6', '0'),
	(2518, 2, 'B', '7', '0'),
	(2517, 2, 'B', '8', '0'),
	(2516, 2, 'B', '9', '0'),
	(2515, 2, 'B', '10', '0'),
	(2514, 2, 'B', '11', '0'),
	(2513, 2, 'B', '12', '1'),
	(2512, 2, 'B', '13', '0'),
	(2511, 2, 'B', '14', '0'),
	(2510, 2, 'B', '15', '0'),
	(2509, 2, 'B', '16', '0'),
	(2508, 2, 'B', '17', '0'),
	(2507, 2, 'B', '18', '1'),
	(2506, 2, 'B', '19', '0'),
	(2505, 2, 'B', '20', '1'),
	(2504, 2, 'B', '21', '0'),
	(2503, 2, 'B', '22', '0'),
	(2502, 2, 'B', '23', '0'),
	(2501, 2, 'B', '24', '0'),
	(2500, 2, 'B', '25', '0'),
	(2499, 2, 'B', '26', '0'),
	(2498, 2, 'B', '27', '1'),
	(2497, 2, 'B', '28', '0'),
	(2496, 2, 'B', '29', '0'),
	(2495, 2, 'B', '30', '0'),
	(2494, 2, 'C', '1', '0'),
	(2493, 2, 'C', '2', '0'),
	(2492, 2, 'C', '3', '0'),
	(2491, 2, 'C', '4', '0'),
	(2490, 2, 'C', '5', '0'),
	(2489, 2, 'C', '6', '0'),
	(2488, 2, 'C', '7', '0'),
	(2487, 2, 'C', '8', '0'),
	(2486, 2, 'C', '9', '0'),
	(2485, 2, 'C', '10', '0'),
	(2484, 2, 'C', '11', '0'),
	(2483, 2, 'C', '12', '0'),
	(2482, 2, 'C', '13', '0'),
	(2481, 2, 'C', '14', '0'),
	(2480, 2, 'C', '15', '1'),
	(2479, 2, 'C', '16', '1'),
	(2478, 2, 'C', '17', '0'),
	(2477, 2, 'C', '18', '0'),
	(2476, 2, 'C', '19', '0'),
	(2475, 2, 'C', '20', '0'),
	(2474, 2, 'C', '21', '0'),
	(2473, 2, 'C', '22', '0'),
	(2472, 2, 'C', '23', '0'),
	(2471, 2, 'C', '24', '0'),
	(2470, 2, 'C', '25', '1'),
	(2469, 2, 'C', '26', '0'),
	(2468, 2, 'C', '27', '0'),
	(2467, 2, 'C', '28', '0'),
	(2466, 2, 'C', '29', '0'),
	(2465, 2, 'C', '30', '0'),
	(2464, 2, 'D', '1', '0'),
	(2463, 2, 'D', '2', '0'),
	(2462, 2, 'D', '3', '0'),
	(2461, 2, 'D', '4', '0'),
	(2460, 2, 'D', '5', '0'),
	(2459, 2, 'D', '6', '0'),
	(2458, 2, 'D', '7', '0'),
	(2457, 2, 'D', '8', '0'),
	(2456, 2, 'D', '9', '0'),
	(2455, 2, 'D', '10', '0'),
	(2454, 2, 'D', '11', '0'),
	(2453, 2, 'D', '12', '0'),
	(2452, 2, 'D', '13', '0'),
	(2451, 2, 'D', '14', '0'),
	(2450, 2, 'D', '15', '1'),
	(2449, 2, 'D', '16', '1'),
	(2448, 2, 'D', '17', '0'),
	(2447, 2, 'D', '18', '0'),
	(2446, 2, 'D', '19', '0'),
	(2445, 2, 'D', '20', '0'),
	(2444, 2, 'D', '21', '0'),
	(2443, 2, 'D', '22', '0'),
	(2442, 2, 'D', '23', '0'),
	(2441, 2, 'D', '24', '0'),
	(2440, 2, 'D', '25', '1'),
	(2439, 2, 'D', '26', '0'),
	(2438, 2, 'D', '27', '0'),
	(2437, 2, 'D', '28', '0'),
	(2436, 2, 'D', '29', '0'),
	(2435, 2, 'D', '30', '0'),
	(2434, 2, 'E', '1', '0'),
	(2433, 2, 'E', '2', '0'),
	(2432, 2, 'E', '3', '0'),
	(2431, 2, 'E', '4', '0'),
	(2430, 2, 'E', '5', '0'),
	(2429, 2, 'E', '6', '0'),
	(2428, 2, 'E', '7', '0'),
	(2427, 2, 'E', '8', '0'),
	(2426, 2, 'E', '9', '0'),
	(2425, 2, 'E', '10', '0'),
	(2424, 2, 'E', '11', '0'),
	(2423, 2, 'E', '12', '0'),
	(2422, 2, 'E', '13', '1'),
	(2421, 2, 'E', '14', '0'),
	(2420, 2, 'E', '15', '1'),
	(2419, 2, 'E', '16', '0'),
	(2418, 2, 'E', '17', '0'),
	(2417, 2, 'E', '18', '0'),
	(2416, 2, 'E', '19', '0'),
	(2415, 2, 'E', '20', '0'),
	(2414, 2, 'E', '21', '0'),
	(2413, 2, 'E', '22', '0'),
	(2412, 2, 'E', '23', '0'),
	(2411, 2, 'E', '24', '0'),
	(2410, 2, 'E', '25', '1'),
	(2409, 2, 'E', '26', '0'),
	(2408, 2, 'E', '27', '0'),
	(2407, 2, 'E', '28', '0'),
	(2406, 2, 'E', '29', '0'),
	(2405, 2, 'E', '30', '0'),
	(2404, 2, 'F', '1', '0'),
	(2403, 2, 'F', '2', '0'),
	(2402, 2, 'F', '3', '0'),
	(2401, 2, 'F', '4', '0'),
	(2400, 2, 'F', '5', '0'),
	(2399, 2, 'F', '6', '0'),
	(2398, 2, 'F', '7', '0'),
	(2397, 2, 'F', '8', '0'),
	(2396, 2, 'F', '9', '0'),
	(2395, 2, 'F', '10', '0'),
	(2394, 2, 'F', '11', '0'),
	(2393, 2, 'F', '12', '0'),
	(2392, 2, 'F', '13', '1'),
	(2391, 2, 'F', '14', '0'),
	(2390, 2, 'F', '15', '1'),
	(2389, 2, 'F', '16', '1'),
	(2388, 2, 'F', '17', '0'),
	(2387, 2, 'F', '18', '0'),
	(2386, 2, 'F', '19', '0'),
	(2385, 2, 'F', '20', '0'),
	(2384, 2, 'F', '21', '0'),
	(2383, 2, 'F', '22', '0'),
	(2382, 2, 'F', '23', '0'),
	(2381, 2, 'F', '24', '1'),
	(2380, 2, 'F', '25', '1'),
	(2379, 2, 'F', '26', '0'),
	(2378, 2, 'F', '27', '0'),
	(2377, 2, 'F', '28', '0'),
	(2376, 2, 'F', '29', '0'),
	(2375, 2, 'F', '30', '0'),
	(2374, 2, 'G', '1', '0'),
	(2373, 2, 'G', '2', '0'),
	(2372, 2, 'G', '3', '0'),
	(2371, 2, 'G', '4', '0'),
	(2370, 2, 'G', '5', '0'),
	(2369, 2, 'G', '6', '0'),
	(2368, 2, 'G', '7', '0'),
	(2367, 2, 'G', '8', '0'),
	(2366, 2, 'G', '9', '0'),
	(2365, 2, 'G', '10', '0'),
	(2364, 2, 'G', '11', '0'),
	(2363, 2, 'G', '12', '0'),
	(2362, 2, 'G', '13', '1'),
	(2361, 2, 'G', '14', '0'),
	(2360, 2, 'G', '15', '1'),
	(2359, 2, 'G', '16', '1'),
	(2358, 2, 'G', '17', '0'),
	(2357, 2, 'G', '18', '0'),
	(2356, 2, 'G', '19', '0'),
	(2355, 2, 'G', '20', '0'),
	(2354, 2, 'G', '21', '0'),
	(2353, 2, 'G', '22', '0'),
	(2352, 2, 'G', '23', '0'),
	(2351, 2, 'G', '24', '0'),
	(2350, 2, 'G', '25', '1'),
	(2349, 2, 'G', '26', '0'),
	(2348, 2, 'G', '27', '0'),
	(2347, 2, 'G', '28', '0'),
	(2346, 2, 'G', '29', '0'),
	(2345, 2, 'G', '30', '0'),
	(2344, 2, 'H', '1', '0'),
	(2343, 2, 'H', '2', '0'),
	(2342, 2, 'H', '3', '0'),
	(2341, 2, 'H', '4', '0'),
	(2340, 2, 'H', '5', '0'),
	(2339, 2, 'H', '6', '0'),
	(2338, 2, 'H', '7', '0'),
	(2337, 2, 'H', '8', '0'),
	(2336, 2, 'H', '9', '0'),
	(2335, 2, 'H', '10', '0'),
	(2334, 2, 'H', '11', '0'),
	(2333, 2, 'H', '12', '0'),
	(2332, 2, 'H', '13', '0'),
	(2331, 2, 'H', '14', '0'),
	(2330, 2, 'H', '15', '1'),
	(2329, 2, 'H', '16', '1'),
	(2328, 2, 'H', '17', '0'),
	(2327, 2, 'H', '18', '0'),
	(2326, 2, 'H', '19', '0'),
	(2325, 2, 'H', '20', '0'),
	(2324, 2, 'H', '21', '0'),
	(2323, 2, 'H', '22', '0'),
	(2322, 2, 'H', '23', '0'),
	(2321, 2, 'H', '24', '0'),
	(2320, 2, 'H', '25', '1'),
	(2319, 2, 'H', '26', '0'),
	(2318, 2, 'H', '27', '0'),
	(2317, 2, 'H', '28', '0'),
	(2316, 2, 'H', '29', '0'),
	(2315, 2, 'H', '30', '0'),
	(2314, 2, 'I', '1', '0'),
	(2313, 2, 'I', '2', '0'),
	(2312, 2, 'I', '3', '0'),
	(2311, 2, 'I', '4', '0'),
	(2310, 2, 'I', '5', '0'),
	(2309, 2, 'I', '6', '0'),
	(2308, 2, 'I', '7', '0'),
	(2307, 2, 'I', '8', '0'),
	(2306, 2, 'I', '9', '0'),
	(2305, 2, 'I', '10', '0'),
	(2304, 2, 'I', '11', '0'),
	(2303, 2, 'I', '12', '0'),
	(2302, 2, 'I', '13', '0'),
	(2301, 2, 'I', '14', '0'),
	(2300, 2, 'I', '15', '1'),
	(2299, 2, 'I', '16', '0'),
	(2298, 2, 'I', '17', '0'),
	(2297, 2, 'I', '18', '0'),
	(2296, 2, 'I', '19', '0'),
	(2295, 2, 'I', '20', '0'),
	(2294, 2, 'I', '21', '0'),
	(2293, 2, 'I', '22', '0'),
	(2292, 2, 'I', '23', '0'),
	(2291, 2, 'I', '24', '0'),
	(2290, 2, 'I', '25', '1'),
	(2289, 2, 'I', '26', '0'),
	(2288, 2, 'I', '27', '0'),
	(2287, 2, 'I', '28', '0'),
	(2286, 2, 'I', '29', '0'),
	(2285, 2, 'I', '30', '0'),
	(2284, 2, 'J', '1', '0'),
	(2283, 2, 'J', '2', '0'),
	(2282, 2, 'J', '3', '0'),
	(2281, 2, 'J', '4', '0'),
	(2280, 2, 'J', '5', '0'),
	(2279, 2, 'J', '6', '0'),
	(2278, 2, 'J', '7', '0'),
	(2277, 2, 'J', '8', '0'),
	(2276, 2, 'J', '9', '0'),
	(2275, 2, 'J', '10', '0'),
	(2274, 2, 'J', '11', '0'),
	(2273, 2, 'J', '12', '0'),
	(2272, 2, 'J', '13', '0'),
	(2271, 2, 'J', '14', '0'),
	(2270, 2, 'J', '15', '1'),
	(2269, 2, 'J', '16', '1'),
	(2268, 2, 'J', '17', '0'),
	(2267, 2, 'J', '18', '0'),
	(2266, 2, 'J', '19', '0'),
	(2265, 2, 'J', '20', '0'),
	(2264, 2, 'J', '21', '0'),
	(2263, 2, 'J', '22', '0'),
	(2262, 2, 'J', '23', '0'),
	(2261, 2, 'J', '24', '0'),
	(2260, 2, 'J', '25', '1'),
	(2259, 2, 'J', '26', '0'),
	(2258, 2, 'J', '27', '0'),
	(2257, 2, 'J', '28', '0'),
	(2256, 2, 'J', '29', '0'),
	(2255, 2, 'J', '30', '0'),
	(2254, 2, 'K', '1', '0'),
	(2253, 2, 'K', '2', '0'),
	(2252, 2, 'K', '3', '0'),
	(2251, 2, 'K', '4', '0'),
	(2250, 2, 'K', '5', '0'),
	(2249, 2, 'K', '6', '0'),
	(2248, 2, 'K', '7', '0'),
	(2247, 2, 'K', '8', '0'),
	(2246, 2, 'K', '9', '0'),
	(2245, 2, 'K', '10', '0'),
	(2244, 2, 'K', '11', '0'),
	(2243, 2, 'K', '12', '0'),
	(2242, 2, 'K', '13', '0'),
	(2241, 2, 'K', '14', '0'),
	(2240, 2, 'K', '15', '1'),
	(2239, 2, 'K', '16', '1'),
	(2238, 2, 'K', '17', '1'),
	(2237, 2, 'K', '18', '0'),
	(2236, 2, 'K', '19', '0'),
	(2235, 2, 'K', '20', '0'),
	(2234, 2, 'K', '21', '0'),
	(2233, 2, 'K', '22', '0'),
	(2232, 2, 'K', '23', '0'),
	(2231, 2, 'K', '24', '0'),
	(2230, 2, 'K', '25', '1'),
	(2229, 2, 'K', '26', '0'),
	(2228, 2, 'K', '27', '0'),
	(2227, 2, 'K', '28', '0'),
	(2226, 2, 'K', '29', '0'),
	(2225, 2, 'K', '30', '0'),
	(2224, 2, 'L', '1', '0'),
	(2223, 2, 'L', '2', '0'),
	(2222, 2, 'L', '3', '0'),
	(2221, 2, 'L', '4', '0'),
	(2220, 2, 'L', '5', '0'),
	(2219, 2, 'L', '6', '0'),
	(2218, 2, 'L', '7', '0'),
	(2217, 2, 'L', '8', '0'),
	(2216, 2, 'L', '9', '0'),
	(2215, 2, 'L', '10', '0'),
	(2214, 2, 'L', '11', '0'),
	(2213, 2, 'L', '12', '0'),
	(2212, 2, 'L', '13', '0'),
	(2211, 2, 'L', '14', '0'),
	(2210, 2, 'L', '15', '0'),
	(2209, 2, 'L', '16', '1'),
	(2208, 2, 'L', '17', '1'),
	(2207, 2, 'L', '18', '0'),
	(2206, 2, 'L', '19', '0'),
	(2205, 2, 'L', '20', '0'),
	(2204, 2, 'L', '21', '0'),
	(2203, 2, 'L', '22', '0'),
	(2202, 2, 'L', '23', '0'),
	(2201, 2, 'L', '24', '0'),
	(2200, 2, 'L', '25', '1'),
	(2199, 2, 'L', '26', '0'),
	(2198, 2, 'L', '27', '0'),
	(2197, 2, 'L', '28', '0'),
	(2196, 2, 'L', '29', '0'),
	(2195, 2, 'L', '30', '0'),
	(2194, 2, 'M', '1', '0'),
	(2193, 2, 'M', '2', '0'),
	(2192, 2, 'M', '3', '0'),
	(2191, 2, 'M', '4', '0'),
	(2190, 2, 'M', '5', '0'),
	(2189, 2, 'M', '6', '0'),
	(2188, 2, 'M', '7', '0'),
	(2187, 2, 'M', '8', '0'),
	(2186, 2, 'M', '9', '0'),
	(2185, 2, 'M', '10', '0'),
	(2184, 2, 'M', '11', '0'),
	(2183, 2, 'M', '12', '0'),
	(2182, 2, 'M', '13', '0'),
	(2181, 2, 'M', '14', '0'),
	(2180, 2, 'M', '15', '1'),
	(2179, 2, 'M', '16', '1'),
	(2178, 2, 'M', '17', '1'),
	(2177, 2, 'M', '18', '0'),
	(2176, 2, 'M', '19', '0'),
	(2175, 2, 'M', '20', '0'),
	(2174, 2, 'M', '21', '0'),
	(2173, 2, 'M', '22', '0'),
	(2172, 2, 'M', '23', '0'),
	(2171, 2, 'M', '24', '0'),
	(2170, 2, 'M', '25', '0'),
	(2169, 2, 'M', '26', '0'),
	(2168, 2, 'M', '27', '0'),
	(2167, 2, 'M', '28', '0'),
	(2166, 2, 'M', '29', '0'),
	(2165, 2, 'M', '30', '0'),
	(2164, 2, 'N', '1', '0'),
	(2163, 2, 'N', '2', '0'),
	(2162, 2, 'N', '3', '0'),
	(2161, 2, 'N', '4', '0'),
	(2160, 2, 'N', '5', '0'),
	(2159, 2, 'N', '6', '0'),
	(2158, 2, 'N', '7', '0'),
	(2157, 2, 'N', '8', '0'),
	(2156, 2, 'N', '9', '0'),
	(2155, 2, 'N', '10', '0'),
	(2154, 2, 'N', '11', '0'),
	(2153, 2, 'N', '12', '0'),
	(2152, 2, 'N', '13', '0'),
	(2151, 2, 'N', '14', '0'),
	(2150, 2, 'N', '15', '0'),
	(2149, 2, 'N', '16', '1'),
	(2148, 2, 'N', '17', '1'),
	(2147, 2, 'N', '18', '0'),
	(2146, 2, 'N', '19', '0'),
	(2145, 2, 'N', '20', '0'),
	(2144, 2, 'N', '21', '0'),
	(2143, 2, 'N', '22', '0'),
	(2142, 2, 'N', '23', '0'),
	(2141, 2, 'N', '24', '0'),
	(2140, 2, 'N', '25', '0'),
	(2139, 2, 'N', '26', '0'),
	(2138, 2, 'N', '27', '0'),
	(2137, 2, 'N', '28', '0'),
	(2136, 2, 'N', '29', '0'),
	(2135, 2, 'N', '30', '0'),
	(2134, 2, 'O', '1', '0'),
	(2133, 2, 'O', '2', '0'),
	(2132, 2, 'O', '3', '0'),
	(2131, 2, 'O', '4', '0'),
	(2130, 2, 'O', '5', '0'),
	(2129, 2, 'O', '6', '0'),
	(2128, 2, 'O', '7', '0'),
	(2127, 2, 'O', '8', '0'),
	(2126, 2, 'O', '9', '0'),
	(2125, 2, 'O', '10', '0'),
	(2124, 2, 'O', '11', '0'),
	(2123, 2, 'O', '12', '0'),
	(2122, 2, 'O', '13', '0'),
	(2121, 2, 'O', '14', '0'),
	(2120, 2, 'O', '15', '1'),
	(2119, 2, 'O', '16', '1'),
	(2118, 2, 'O', '17', '0'),
	(2117, 2, 'O', '18', '0'),
	(2116, 2, 'O', '19', '0'),
	(2115, 2, 'O', '20', '0'),
	(2114, 2, 'O', '21', '0'),
	(2113, 2, 'O', '22', '0'),
	(2112, 2, 'O', '23', '0'),
	(2111, 2, 'O', '24', '0'),
	(2110, 2, 'O', '25', '0'),
	(2109, 2, 'O', '26', '0'),
	(2108, 2, 'O', '27', '0'),
	(2107, 2, 'O', '28', '0'),
	(2106, 2, 'O', '29', '0'),
	(2105, 2, 'O', '30', '0'),
	(2104, 1, 'B', '1', '1'),
	(2103, 1, 'B', '2', '0'),
	(2102, 1, 'B', '3', '0'),
	(2101, 1, 'B', '4', '0'),
	(2100, 1, 'B', '5', '0'),
	(2099, 1, 'B', '6', '0'),
	(2098, 1, 'B', '7', '0'),
	(2097, 1, 'B', '8', '0'),
	(2096, 1, 'B', '9', '0'),
	(2095, 1, 'B', '10', '0'),
	(2094, 1, 'B', '11', '0'),
	(2093, 1, 'B', '12', '0'),
	(2092, 1, 'B', '13', '0'),
	(2091, 1, 'B', '14', '0'),
	(2090, 1, 'B', '15', '0'),
	(2089, 1, 'B', '16', '0'),
	(2088, 1, 'B', '17', '0'),
	(2087, 1, 'B', '18', '1'),
	(2086, 1, 'B', '19', '0'),
	(2085, 1, 'B', '20', '0'),
	(2084, 1, 'B', '21', '1'),
	(2083, 1, 'B', '22', '1'),
	(2082, 1, 'B', '23', '1'),
	(2081, 1, 'B', '24', '1'),
	(2080, 1, 'B', '25', '0'),
	(2079, 1, 'B', '26', '0'),
	(2078, 1, 'B', '27', '0'),
	(2077, 1, 'B', '28', '1'),
	(2076, 1, 'B', '29', '1'),
	(2075, 1, 'B', '30', '1'),
	(2074, 1, 'C', '1', '0'),
	(2073, 1, 'C', '2', '0'),
	(2072, 1, 'C', '3', '0'),
	(2071, 1, 'C', '4', '1'),
	(2070, 1, 'C', '5', '0'),
	(2069, 1, 'C', '6', '0'),
	(2068, 1, 'C', '7', '0'),
	(2067, 1, 'C', '8', '0'),
	(2066, 1, 'C', '9', '0'),
	(2065, 1, 'C', '10', '0'),
	(2064, 1, 'C', '11', '0'),
	(2063, 1, 'C', '12', '0'),
	(2062, 1, 'C', '13', '0'),
	(2061, 1, 'C', '14', '0'),
	(2060, 1, 'C', '15', '0'),
	(2059, 1, 'C', '16', '1'),
	(2058, 1, 'C', '17', '1'),
	(2057, 1, 'C', '18', '1'),
	(2056, 1, 'C', '19', '1'),
	(2055, 1, 'C', '20', '0'),
	(2054, 1, 'C', '21', '0'),
	(2053, 1, 'C', '22', '1'),
	(2052, 1, 'C', '23', '0'),
	(2051, 1, 'C', '24', '0'),
	(2050, 1, 'C', '25', '0'),
	(2049, 1, 'C', '26', '0'),
	(2048, 1, 'C', '27', '0'),
	(2047, 1, 'C', '28', '0'),
	(2046, 1, 'C', '29', '0'),
	(2045, 1, 'C', '30', '0'),
	(2044, 1, 'D', '1', '0'),
	(2043, 1, 'D', '2', '0'),
	(2042, 1, 'D', '3', '0'),
	(2041, 1, 'D', '4', '1'),
	(2040, 1, 'D', '5', '0'),
	(2039, 1, 'D', '6', '0'),
	(2038, 1, 'D', '7', '0'),
	(2037, 1, 'D', '8', '0'),
	(2036, 1, 'D', '9', '0'),
	(2035, 1, 'D', '10', '0'),
	(2034, 1, 'D', '11', '0'),
	(2033, 1, 'D', '12', '0'),
	(2032, 1, 'D', '13', '0'),
	(2031, 1, 'D', '14', '1'),
	(2030, 1, 'D', '15', '0'),
	(2029, 1, 'D', '16', '1'),
	(2028, 1, 'D', '17', '1'),
	(2027, 1, 'D', '18', '1'),
	(2026, 1, 'D', '19', '0'),
	(2025, 1, 'D', '20', '0'),
	(2024, 1, 'D', '21', '0'),
	(2023, 1, 'D', '22', '1'),
	(2022, 1, 'D', '23', '0'),
	(2021, 1, 'D', '24', '0'),
	(2020, 1, 'D', '25', '0'),
	(2019, 1, 'D', '26', '0'),
	(2018, 1, 'D', '27', '0'),
	(2017, 1, 'D', '28', '0'),
	(2016, 1, 'D', '29', '0'),
	(2015, 1, 'D', '30', '0'),
	(2014, 1, 'E', '1', '0'),
	(2013, 1, 'E', '2', '0'),
	(2012, 1, 'E', '3', '0'),
	(2011, 1, 'E', '4', '1'),
	(2010, 1, 'E', '5', '0'),
	(2009, 1, 'E', '6', '0'),
	(2008, 1, 'E', '7', '0'),
	(2007, 1, 'E', '8', '0'),
	(2006, 1, 'E', '9', '0'),
	(2005, 1, 'E', '10', '0'),
	(2004, 1, 'E', '11', '0'),
	(2003, 1, 'E', '12', '0'),
	(2002, 1, 'E', '13', '0'),
	(2001, 1, 'E', '14', '0'),
	(2000, 1, 'E', '15', '0'),
	(1999, 1, 'E', '16', '1'),
	(1998, 1, 'E', '17', '1'),
	(1997, 1, 'E', '18', '0'),
	(1996, 1, 'E', '19', '0'),
	(1995, 1, 'E', '20', '0'),
	(1994, 1, 'E', '21', '0'),
	(1993, 1, 'E', '22', '1'),
	(1992, 1, 'E', '23', '0'),
	(1991, 1, 'E', '24', '0'),
	(1990, 1, 'E', '25', '0'),
	(1989, 1, 'E', '26', '0'),
	(1988, 1, 'E', '27', '0'),
	(1987, 1, 'E', '28', '0'),
	(1986, 1, 'E', '29', '0'),
	(1985, 1, 'E', '30', '0'),
	(1984, 1, 'F', '1', '0'),
	(1983, 1, 'F', '2', '0'),
	(1982, 1, 'F', '3', '0'),
	(1981, 1, 'F', '4', '1'),
	(1980, 1, 'F', '5', '0'),
	(1979, 1, 'F', '6', '0'),
	(1978, 1, 'F', '7', '0'),
	(1977, 1, 'F', '8', '0'),
	(1976, 1, 'F', '9', '0'),
	(1975, 1, 'F', '10', '0'),
	(1974, 1, 'F', '11', '0'),
	(1973, 1, 'F', '12', '0'),
	(1972, 1, 'F', '13', '0'),
	(1971, 1, 'F', '14', '0'),
	(1970, 1, 'F', '15', '0'),
	(1969, 1, 'F', '16', '0'),
	(1968, 1, 'F', '17', '0'),
	(1967, 1, 'F', '18', '0'),
	(1966, 1, 'F', '19', '0'),
	(1965, 1, 'F', '20', '0'),
	(1964, 1, 'F', '21', '0'),
	(1963, 1, 'F', '22', '1'),
	(1962, 1, 'F', '23', '0'),
	(1961, 1, 'F', '24', '0'),
	(1960, 1, 'F', '25', '0'),
	(1959, 1, 'F', '26', '0'),
	(1958, 1, 'F', '27', '0'),
	(1957, 1, 'F', '28', '0'),
	(1956, 1, 'F', '29', '0'),
	(1955, 1, 'F', '30', '0'),
	(1954, 1, 'G', '1', '0'),
	(1953, 1, 'G', '2', '0'),
	(1952, 1, 'G', '3', '0'),
	(1951, 1, 'G', '4', '1'),
	(1950, 1, 'G', '5', '0'),
	(1949, 1, 'G', '6', '0'),
	(1948, 1, 'G', '7', '0'),
	(1947, 1, 'G', '8', '0'),
	(1946, 1, 'G', '9', '0'),
	(1945, 1, 'G', '10', '0'),
	(1944, 1, 'G', '11', '0'),
	(1943, 1, 'G', '12', '0'),
	(1942, 1, 'G', '13', '0'),
	(1941, 1, 'G', '14', '0'),
	(1940, 1, 'G', '15', '0'),
	(1939, 1, 'G', '16', '0'),
	(1938, 1, 'G', '17', '0'),
	(1937, 1, 'G', '18', '1'),
	(1936, 1, 'G', '19', '1'),
	(1935, 1, 'G', '20', '1'),
	(1934, 1, 'G', '21', '1'),
	(1933, 1, 'G', '22', '1'),
	(1932, 1, 'G', '23', '0'),
	(1931, 1, 'G', '24', '1'),
	(1930, 1, 'G', '25', '1'),
	(1929, 1, 'G', '26', '0'),
	(1928, 1, 'G', '27', '0'),
	(1927, 1, 'G', '28', '0'),
	(1926, 1, 'G', '29', '0'),
	(1925, 1, 'G', '30', '0'),
	(1924, 1, 'H', '1', '0'),
	(1923, 1, 'H', '2', '0'),
	(1922, 1, 'H', '3', '0'),
	(1921, 1, 'H', '4', '1'),
	(1920, 1, 'H', '5', '0'),
	(1919, 1, 'H', '6', '0'),
	(1918, 1, 'H', '7', '0'),
	(1917, 1, 'H', '8', '0'),
	(1916, 1, 'H', '9', '0'),
	(1915, 1, 'H', '10', '0'),
	(1914, 1, 'H', '11', '0'),
	(1913, 1, 'H', '12', '0'),
	(1912, 1, 'H', '13', '0'),
	(1911, 1, 'H', '14', '1'),
	(1910, 1, 'H', '15', '0'),
	(1909, 1, 'H', '16', '0'),
	(1908, 1, 'H', '17', '0'),
	(1907, 1, 'H', '18', '0'),
	(1906, 1, 'H', '19', '0'),
	(1905, 1, 'H', '20', '0'),
	(1904, 1, 'H', '21', '0'),
	(1903, 1, 'H', '22', '1'),
	(1902, 1, 'H', '23', '0'),
	(1901, 1, 'H', '24', '0'),
	(1900, 1, 'H', '25', '1'),
	(1899, 1, 'H', '26', '0'),
	(1898, 1, 'H', '27', '0'),
	(1897, 1, 'H', '28', '0'),
	(1896, 1, 'H', '29', '0'),
	(1895, 1, 'H', '30', '0'),
	(1894, 1, 'I', '1', '0'),
	(1893, 1, 'I', '2', '0'),
	(1892, 1, 'I', '3', '0'),
	(1891, 1, 'I', '4', '1'),
	(1890, 1, 'I', '5', '0'),
	(1889, 1, 'I', '6', '0'),
	(1888, 1, 'I', '7', '0'),
	(1887, 1, 'I', '8', '0'),
	(1886, 1, 'I', '9', '0'),
	(1885, 1, 'I', '10', '0'),
	(1884, 1, 'I', '11', '0'),
	(1883, 1, 'I', '12', '0'),
	(1882, 1, 'I', '13', '0'),
	(1881, 1, 'I', '14', '0'),
	(1880, 1, 'I', '15', '1'),
	(1879, 1, 'I', '16', '0'),
	(1878, 1, 'I', '17', '0'),
	(1877, 1, 'I', '18', '0'),
	(1876, 1, 'I', '19', '0'),
	(1875, 1, 'I', '20', '0'),
	(1874, 1, 'I', '21', '0'),
	(1873, 1, 'I', '22', '1'),
	(1872, 1, 'I', '23', '0'),
	(1871, 1, 'I', '24', '0'),
	(1870, 1, 'I', '25', '0'),
	(1869, 1, 'I', '26', '0'),
	(1868, 1, 'I', '27', '0'),
	(1867, 1, 'I', '28', '0'),
	(1866, 1, 'I', '29', '0'),
	(1865, 1, 'I', '30', '0'),
	(1864, 1, 'J', '1', '0'),
	(1863, 1, 'J', '2', '0'),
	(1862, 1, 'J', '3', '0'),
	(1861, 1, 'J', '4', '1'),
	(1860, 1, 'J', '5', '0'),
	(1859, 1, 'J', '6', '0'),
	(1858, 1, 'J', '7', '0'),
	(1857, 1, 'J', '8', '0'),
	(1856, 1, 'J', '9', '0'),
	(1855, 1, 'J', '10', '0'),
	(1854, 1, 'J', '11', '0'),
	(1853, 1, 'J', '12', '0'),
	(1852, 1, 'J', '13', '0'),
	(1851, 1, 'J', '14', '0'),
	(1850, 1, 'J', '15', '1'),
	(1849, 1, 'J', '16', '0'),
	(1848, 1, 'J', '17', '0'),
	(1847, 1, 'J', '18', '0'),
	(1846, 1, 'J', '19', '0'),
	(1845, 1, 'J', '20', '0'),
	(1844, 1, 'J', '21', '0'),
	(1843, 1, 'J', '22', '1'),
	(1842, 1, 'J', '23', '0'),
	(1841, 1, 'J', '24', '0'),
	(1840, 1, 'J', '25', '0'),
	(1839, 1, 'J', '26', '0'),
	(1838, 1, 'J', '27', '0'),
	(1837, 1, 'J', '28', '0'),
	(1836, 1, 'J', '29', '0'),
	(1835, 1, 'J', '30', '0'),
	(1834, 1, 'K', '1', '0'),
	(1833, 1, 'K', '2', '0'),
	(1832, 1, 'K', '3', '0'),
	(1831, 1, 'K', '4', '1'),
	(1830, 1, 'K', '5', '0'),
	(1829, 1, 'K', '6', '0'),
	(1828, 1, 'K', '7', '0'),
	(1827, 1, 'K', '8', '0'),
	(1826, 1, 'K', '9', '0'),
	(1825, 1, 'K', '10', '0'),
	(1824, 1, 'K', '11', '0'),
	(1823, 1, 'K', '12', '0'),
	(1822, 1, 'K', '13', '0'),
	(1821, 1, 'K', '14', '0'),
	(1820, 1, 'K', '15', '1'),
	(1819, 1, 'K', '16', '0'),
	(1818, 1, 'K', '17', '0'),
	(1817, 1, 'K', '18', '0'),
	(1816, 1, 'K', '19', '0'),
	(1815, 1, 'K', '20', '0'),
	(1814, 1, 'K', '21', '0'),
	(1813, 1, 'K', '22', '1'),
	(1812, 1, 'K', '23', '0'),
	(1811, 1, 'K', '24', '0'),
	(1810, 1, 'K', '25', '0'),
	(1809, 1, 'K', '26', '0'),
	(1808, 1, 'K', '27', '0'),
	(1807, 1, 'K', '28', '0'),
	(1806, 1, 'K', '29', '0'),
	(1805, 1, 'K', '30', '0'),
	(1804, 1, 'L', '1', '0'),
	(1803, 1, 'L', '2', '0'),
	(1802, 1, 'L', '3', '0'),
	(1801, 1, 'L', '4', '1'),
	(1800, 1, 'L', '5', '0'),
	(1799, 1, 'L', '6', '0'),
	(1798, 1, 'L', '7', '0'),
	(1797, 1, 'L', '8', '0'),
	(1796, 1, 'L', '9', '0'),
	(1795, 1, 'L', '10', '0'),
	(1794, 1, 'L', '11', '0'),
	(1793, 1, 'L', '12', '0'),
	(1792, 1, 'L', '13', '0'),
	(1791, 1, 'L', '14', '0'),
	(1790, 1, 'L', '15', '1'),
	(1789, 1, 'L', '16', '0'),
	(1788, 1, 'L', '17', '0'),
	(1787, 1, 'L', '18', '0'),
	(1786, 1, 'L', '19', '0'),
	(1785, 1, 'L', '20', '0'),
	(1784, 1, 'L', '21', '0'),
	(1783, 1, 'L', '22', '0'),
	(1782, 1, 'L', '23', '0'),
	(1781, 1, 'L', '24', '0'),
	(1780, 1, 'L', '25', '0'),
	(1779, 1, 'L', '26', '0'),
	(1778, 1, 'L', '27', '0'),
	(1777, 1, 'L', '28', '0'),
	(1776, 1, 'L', '29', '0'),
	(1775, 1, 'L', '30', '0'),
	(1774, 1, 'M', '1', '0'),
	(1773, 1, 'M', '2', '0'),
	(1772, 1, 'M', '3', '0'),
	(1771, 1, 'M', '4', '0'),
	(1770, 1, 'M', '5', '0'),
	(1769, 1, 'M', '6', '0'),
	(1768, 1, 'M', '7', '0'),
	(1767, 1, 'M', '8', '0'),
	(1766, 1, 'M', '9', '0'),
	(1765, 1, 'M', '10', '0'),
	(1764, 1, 'M', '11', '0'),
	(1763, 1, 'M', '12', '0'),
	(1762, 1, 'M', '13', '0'),
	(1761, 1, 'M', '14', '0'),
	(1760, 1, 'M', '15', '0'),
	(1759, 1, 'M', '16', '0'),
	(1758, 1, 'M', '17', '0'),
	(1757, 1, 'M', '18', '0'),
	(1756, 1, 'M', '19', '0'),
	(1755, 1, 'M', '20', '0'),
	(1754, 1, 'M', '21', '0'),
	(1753, 1, 'M', '22', '0'),
	(1752, 1, 'M', '23', '0'),
	(1751, 1, 'M', '24', '0'),
	(1750, 1, 'M', '25', '0'),
	(1749, 1, 'M', '26', '0'),
	(1748, 1, 'M', '27', '0'),
	(1747, 1, 'M', '28', '0'),
	(1746, 1, 'M', '29', '0'),
	(1745, 1, 'M', '30', '0'),
	(1744, 1, 'N', '1', '0'),
	(1743, 1, 'N', '2', '0'),
	(1742, 1, 'N', '3', '0'),
	(1741, 1, 'N', '4', '0'),
	(1740, 1, 'N', '5', '0'),
	(1739, 1, 'N', '6', '0'),
	(1738, 1, 'N', '7', '0'),
	(1737, 1, 'N', '8', '0'),
	(1736, 1, 'N', '9', '0'),
	(1735, 1, 'N', '10', '0'),
	(1734, 1, 'N', '11', '0'),
	(1733, 1, 'N', '12', '0'),
	(1732, 1, 'N', '13', '0'),
	(1731, 1, 'N', '14', '0'),
	(1730, 1, 'N', '15', '0'),
	(1729, 1, 'N', '16', '0'),
	(1728, 1, 'N', '17', '0'),
	(1727, 1, 'N', '18', '0'),
	(1726, 1, 'N', '19', '0'),
	(1725, 1, 'N', '20', '0'),
	(1724, 1, 'N', '21', '0'),
	(1723, 1, 'N', '22', '0'),
	(1722, 1, 'N', '23', '0'),
	(1721, 1, 'N', '24', '0'),
	(1720, 1, 'N', '25', '0'),
	(1719, 1, 'N', '26', '0'),
	(1718, 1, 'N', '27', '0'),
	(1717, 1, 'N', '28', '0'),
	(1716, 1, 'N', '29', '0'),
	(1715, 1, 'N', '30', '0'),
	(1714, 1, 'O', '1', '0'),
	(1713, 1, 'O', '2', '0'),
	(1712, 1, 'O', '3', '0'),
	(1711, 1, 'O', '4', '0'),
	(1710, 1, 'O', '5', '0'),
	(1709, 1, 'O', '6', '0'),
	(1708, 1, 'O', '7', '0'),
	(1707, 1, 'O', '8', '0'),
	(1706, 1, 'O', '9', '0'),
	(1705, 1, 'O', '10', '0'),
	(1704, 1, 'O', '11', '0'),
	(1703, 1, 'O', '12', '0'),
	(1702, 1, 'O', '13', '0'),
	(1701, 1, 'O', '14', '0'),
	(1700, 1, 'O', '15', '0'),
	(1699, 1, 'O', '16', '0'),
	(1698, 1, 'O', '17', '0'),
	(1697, 1, 'O', '18', '0'),
	(1696, 1, 'O', '19', '0'),
	(1695, 1, 'O', '20', '0'),
	(1694, 1, 'O', '21', '0'),
	(1693, 1, 'O', '22', '1'),
	(1692, 1, 'O', '23', '0'),
	(1691, 1, 'O', '24', '0'),
	(1690, 1, 'O', '25', '0'),
	(1689, 1, 'O', '26', '0'),
	(1688, 1, 'O', '27', '0'),
	(1687, 1, 'O', '28', '0'),
	(1686, 1, 'O', '29', '0'),
	(1685, 1, 'O', '30', '0'),
	(1352, 2, 'M', '3', '0'),
	(1353, 2, 'M', '2', '0'),
	(1354, 2, 'M', '1', '0'),
	(1355, 2, 'L', '30', '0'),
	(1356, 2, 'L', '29', '0'),
	(1357, 2, 'L', '28', '0'),
	(1358, 2, 'L', '27', '0'),
	(1359, 2, 'L', '26', '0'),
	(1360, 2, 'L', '25', '1'),
	(1361, 2, 'L', '24', '0'),
	(1362, 2, 'L', '23', '0'),
	(1363, 2, 'L', '22', '0'),
	(1364, 2, 'L', '21', '0'),
	(1365, 2, 'L', '20', '0'),
	(1366, 2, 'L', '19', '0'),
	(1367, 2, 'L', '18', '0'),
	(1368, 2, 'L', '17', '1'),
	(1369, 2, 'L', '16', '1'),
	(1370, 2, 'L', '15', '0'),
	(1371, 2, 'L', '14', '0'),
	(1372, 2, 'L', '13', '0'),
	(1373, 2, 'L', '12', '0'),
	(1374, 2, 'L', '11', '0'),
	(1375, 2, 'L', '10', '0'),
	(1376, 2, 'L', '9', '0'),
	(1377, 2, 'L', '8', '0'),
	(1378, 2, 'L', '7', '0'),
	(1379, 2, 'L', '6', '0'),
	(1380, 2, 'L', '5', '0'),
	(1381, 2, 'L', '4', '0'),
	(1382, 2, 'L', '3', '0'),
	(1383, 2, 'L', '2', '0'),
	(1384, 2, 'L', '1', '0'),
	(1385, 2, 'K', '30', '0'),
	(1386, 2, 'K', '29', '0'),
	(1387, 2, 'K', '28', '0'),
	(1388, 2, 'K', '27', '0'),
	(1389, 2, 'K', '26', '0'),
	(1390, 2, 'K', '25', '1'),
	(1391, 2, 'K', '24', '0'),
	(1392, 2, 'K', '23', '0'),
	(1393, 2, 'K', '22', '0'),
	(1394, 2, 'K', '21', '0'),
	(1395, 2, 'K', '20', '0'),
	(1396, 2, 'K', '19', '0'),
	(1397, 2, 'K', '18', '0'),
	(1398, 2, 'K', '17', '1'),
	(1399, 2, 'K', '16', '1'),
	(1400, 2, 'K', '15', '1'),
	(1401, 2, 'K', '14', '0'),
	(1402, 2, 'K', '13', '0'),
	(1403, 2, 'K', '12', '0'),
	(1404, 2, 'K', '11', '0'),
	(1405, 2, 'K', '10', '0'),
	(1406, 2, 'K', '9', '0'),
	(1407, 2, 'K', '8', '0'),
	(1408, 2, 'K', '7', '0'),
	(1409, 2, 'K', '6', '0'),
	(1410, 2, 'K', '5', '0'),
	(1411, 2, 'K', '4', '0'),
	(1412, 2, 'K', '3', '0'),
	(1413, 2, 'K', '2', '0'),
	(1414, 2, 'K', '1', '0'),
	(1415, 2, 'J', '30', '0'),
	(1416, 2, 'J', '29', '0'),
	(1417, 2, 'J', '28', '0'),
	(1418, 2, 'J', '27', '0'),
	(1419, 2, 'J', '26', '0'),
	(1420, 2, 'J', '25', '1'),
	(1421, 2, 'J', '24', '0'),
	(1422, 2, 'J', '23', '0'),
	(1423, 2, 'J', '22', '0'),
	(1424, 2, 'J', '21', '0'),
	(1425, 2, 'J', '20', '0'),
	(1426, 2, 'J', '19', '0'),
	(1427, 2, 'J', '18', '0'),
	(1428, 2, 'J', '17', '0'),
	(1429, 2, 'J', '16', '1'),
	(1430, 2, 'J', '15', '1'),
	(1431, 2, 'J', '14', '0'),
	(1432, 2, 'J', '13', '0'),
	(1433, 2, 'J', '12', '0'),
	(1434, 2, 'J', '11', '0'),
	(1435, 2, 'J', '10', '0'),
	(1436, 2, 'J', '9', '0'),
	(1437, 2, 'J', '8', '0'),
	(1438, 2, 'J', '7', '0'),
	(1439, 2, 'J', '6', '0'),
	(1440, 2, 'J', '5', '0'),
	(1441, 2, 'J', '4', '0'),
	(1442, 2, 'J', '3', '0'),
	(1443, 2, 'J', '2', '0'),
	(1444, 2, 'J', '1', '0'),
	(1445, 2, 'I', '30', '0'),
	(1446, 2, 'I', '29', '0'),
	(1447, 2, 'I', '28', '0'),
	(1448, 2, 'I', '27', '0'),
	(1449, 2, 'I', '26', '0'),
	(1450, 2, 'I', '25', '1'),
	(1451, 2, 'I', '24', '0'),
	(1452, 2, 'I', '23', '0'),
	(1453, 2, 'I', '22', '0'),
	(1454, 2, 'I', '21', '0'),
	(1455, 2, 'I', '20', '0'),
	(1456, 2, 'I', '19', '0'),
	(1457, 2, 'I', '18', '0'),
	(1458, 2, 'I', '17', '0'),
	(1459, 2, 'I', '16', '0'),
	(1460, 2, 'I', '15', '1'),
	(1461, 2, 'I', '14', '0'),
	(1462, 2, 'I', '13', '0'),
	(1463, 2, 'I', '12', '0'),
	(1464, 2, 'I', '11', '0'),
	(1465, 2, 'I', '10', '0'),
	(1466, 2, 'I', '9', '0'),
	(1467, 2, 'I', '8', '0'),
	(1468, 2, 'I', '7', '0'),
	(1469, 2, 'I', '6', '0'),
	(1470, 2, 'I', '5', '0'),
	(1471, 2, 'I', '4', '0'),
	(1472, 2, 'I', '3', '0'),
	(1473, 2, 'I', '2', '0'),
	(1474, 2, 'I', '1', '0'),
	(1475, 2, 'H', '30', '0'),
	(1476, 2, 'H', '29', '0'),
	(1477, 2, 'H', '28', '0'),
	(1478, 2, 'H', '27', '0'),
	(1479, 2, 'H', '26', '0'),
	(1480, 2, 'H', '25', '1'),
	(1481, 2, 'H', '24', '0'),
	(1482, 2, 'H', '23', '0'),
	(1483, 2, 'H', '22', '0'),
	(1484, 2, 'H', '21', '0'),
	(1485, 2, 'H', '20', '0'),
	(1486, 2, 'H', '19', '0'),
	(1487, 2, 'H', '18', '0'),
	(1488, 2, 'H', '17', '0'),
	(1489, 2, 'H', '16', '1'),
	(1490, 2, 'H', '15', '1'),
	(1491, 2, 'H', '14', '0'),
	(1492, 2, 'H', '13', '0'),
	(1493, 2, 'H', '12', '0'),
	(1494, 2, 'H', '11', '0'),
	(1495, 2, 'H', '10', '0'),
	(1496, 2, 'H', '9', '0'),
	(1497, 2, 'H', '8', '0'),
	(1498, 2, 'H', '7', '0'),
	(1499, 2, 'H', '6', '0'),
	(1500, 2, 'H', '5', '0'),
	(1501, 2, 'H', '4', '0'),
	(1502, 2, 'H', '3', '0'),
	(1503, 2, 'H', '2', '0'),
	(1504, 2, 'H', '1', '0'),
	(1505, 2, 'G', '30', '0'),
	(1506, 2, 'G', '29', '0'),
	(1507, 2, 'G', '28', '0'),
	(1508, 2, 'G', '27', '0'),
	(1509, 2, 'G', '26', '0'),
	(1510, 2, 'G', '25', '1'),
	(1511, 2, 'G', '24', '0'),
	(1512, 2, 'G', '23', '0'),
	(1513, 2, 'G', '22', '0'),
	(1514, 2, 'G', '21', '0'),
	(1515, 2, 'G', '20', '0'),
	(1516, 2, 'G', '19', '0'),
	(1517, 2, 'G', '18', '0'),
	(1518, 2, 'G', '17', '0'),
	(1519, 2, 'G', '16', '1'),
	(1520, 2, 'G', '15', '1'),
	(1521, 2, 'G', '14', '0'),
	(1522, 2, 'G', '13', '1'),
	(1523, 2, 'G', '12', '0'),
	(1524, 2, 'G', '11', '0'),
	(1525, 2, 'G', '10', '0'),
	(1526, 2, 'G', '9', '0'),
	(1527, 2, 'G', '8', '0'),
	(1528, 2, 'G', '7', '0'),
	(1529, 2, 'G', '6', '0'),
	(1530, 2, 'G', '5', '0'),
	(1531, 2, 'G', '4', '0'),
	(1532, 2, 'G', '3', '0'),
	(1533, 2, 'G', '2', '0'),
	(1534, 2, 'G', '1', '0'),
	(1535, 2, 'F', '30', '0'),
	(1536, 2, 'F', '29', '0'),
	(1537, 2, 'F', '28', '0'),
	(1538, 2, 'F', '27', '0'),
	(1539, 2, 'F', '26', '0'),
	(1540, 2, 'F', '25', '1'),
	(1541, 2, 'F', '24', '1'),
	(1542, 2, 'F', '23', '0'),
	(1543, 2, 'F', '22', '0'),
	(1544, 2, 'F', '21', '0'),
	(1545, 2, 'F', '20', '0'),
	(1546, 2, 'F', '19', '0'),
	(1547, 2, 'F', '18', '0'),
	(1548, 2, 'F', '17', '0'),
	(1549, 2, 'F', '16', '1'),
	(1550, 2, 'F', '15', '1'),
	(1551, 2, 'F', '14', '0'),
	(1552, 2, 'F', '13', '1'),
	(1553, 2, 'F', '12', '0'),
	(1554, 2, 'F', '11', '0'),
	(1555, 2, 'F', '10', '0'),
	(1556, 2, 'F', '9', '0'),
	(1557, 2, 'F', '8', '0'),
	(1558, 2, 'F', '7', '0'),
	(1559, 2, 'F', '6', '0'),
	(1560, 2, 'F', '5', '0'),
	(1561, 2, 'F', '4', '0'),
	(1562, 2, 'F', '3', '0'),
	(1563, 2, 'F', '2', '0'),
	(1564, 2, 'F', '1', '0'),
	(1565, 2, 'E', '30', '0'),
	(1566, 2, 'E', '29', '0'),
	(1567, 2, 'E', '28', '0'),
	(1568, 2, 'E', '27', '0'),
	(1569, 2, 'E', '26', '0'),
	(1570, 2, 'E', '25', '1'),
	(1571, 2, 'E', '24', '0'),
	(1572, 2, 'E', '23', '0'),
	(1573, 2, 'E', '22', '0'),
	(1574, 2, 'E', '21', '0'),
	(1575, 2, 'E', '20', '0'),
	(1576, 2, 'E', '19', '0'),
	(1577, 2, 'E', '18', '0'),
	(1578, 2, 'E', '17', '0'),
	(1579, 2, 'E', '16', '0'),
	(1580, 2, 'E', '15', '1'),
	(1581, 2, 'E', '14', '0'),
	(1582, 2, 'E', '13', '1'),
	(1583, 2, 'E', '12', '0'),
	(1584, 2, 'E', '11', '0'),
	(1585, 2, 'E', '10', '0'),
	(1586, 2, 'E', '9', '0'),
	(1587, 2, 'E', '8', '0'),
	(1588, 2, 'E', '7', '0'),
	(1589, 2, 'E', '6', '0'),
	(1590, 2, 'E', '5', '0'),
	(1591, 2, 'E', '4', '0'),
	(1592, 2, 'E', '3', '0'),
	(1593, 2, 'E', '2', '0'),
	(1594, 2, 'E', '1', '0'),
	(1595, 2, 'D', '30', '0'),
	(1596, 2, 'D', '29', '0'),
	(1597, 2, 'D', '28', '0'),
	(1598, 2, 'D', '27', '0'),
	(1599, 2, 'D', '26', '0'),
	(1600, 2, 'D', '25', '1'),
	(1601, 2, 'D', '24', '0'),
	(1602, 2, 'D', '23', '0'),
	(1603, 2, 'D', '22', '0'),
	(1604, 2, 'D', '21', '0'),
	(1605, 2, 'D', '20', '0'),
	(1606, 2, 'D', '19', '0'),
	(1607, 2, 'D', '18', '0'),
	(1608, 2, 'D', '17', '0'),
	(1609, 2, 'D', '16', '1'),
	(1610, 2, 'D', '15', '1'),
	(1611, 2, 'D', '14', '0'),
	(1612, 2, 'D', '13', '0'),
	(1613, 2, 'D', '12', '0'),
	(1614, 2, 'D', '11', '0'),
	(1615, 2, 'D', '10', '0'),
	(1616, 2, 'D', '9', '0'),
	(1617, 2, 'D', '8', '0'),
	(1618, 2, 'D', '7', '0'),
	(1619, 2, 'D', '6', '0'),
	(1620, 2, 'D', '5', '0'),
	(1621, 2, 'D', '4', '0'),
	(1622, 2, 'D', '3', '0'),
	(1623, 2, 'D', '2', '0'),
	(1624, 2, 'D', '1', '0'),
	(1625, 2, 'C', '30', '0'),
	(1626, 2, 'C', '29', '0'),
	(1627, 2, 'C', '28', '0'),
	(1628, 2, 'C', '27', '0'),
	(1629, 2, 'C', '26', '0'),
	(1630, 2, 'C', '25', '1'),
	(1631, 2, 'C', '24', '0'),
	(1632, 2, 'C', '23', '0'),
	(1633, 2, 'C', '22', '0'),
	(1634, 2, 'C', '21', '0'),
	(1635, 2, 'C', '20', '0'),
	(1636, 2, 'C', '19', '0'),
	(1637, 2, 'C', '18', '0'),
	(1638, 2, 'C', '17', '0'),
	(1639, 2, 'C', '16', '1'),
	(1640, 2, 'C', '15', '1'),
	(1641, 2, 'C', '14', '0'),
	(1642, 2, 'C', '13', '0'),
	(1643, 2, 'C', '12', '0'),
	(1644, 2, 'C', '11', '0'),
	(1645, 2, 'C', '10', '0'),
	(1646, 2, 'C', '9', '0'),
	(1647, 2, 'C', '8', '0'),
	(1648, 2, 'C', '7', '0'),
	(1649, 2, 'C', '6', '0'),
	(1650, 2, 'C', '5', '0'),
	(1651, 2, 'C', '4', '0'),
	(1652, 2, 'C', '3', '0'),
	(1653, 2, 'C', '2', '0'),
	(1654, 2, 'C', '1', '0'),
	(1655, 2, 'B', '30', '0'),
	(1656, 2, 'B', '29', '0'),
	(1657, 2, 'B', '28', '0'),
	(1658, 2, 'B', '27', '1'),
	(1659, 2, 'B', '26', '0'),
	(1660, 2, 'B', '25', '0'),
	(1661, 2, 'B', '24', '0'),
	(1662, 2, 'B', '23', '0'),
	(1663, 2, 'B', '22', '0'),
	(1664, 2, 'B', '21', '0'),
	(1665, 2, 'B', '20', '1'),
	(1666, 2, 'B', '19', '0'),
	(1667, 2, 'B', '18', '1'),
	(1668, 2, 'B', '17', '0'),
	(1669, 2, 'B', '16', '0'),
	(1670, 2, 'B', '15', '0'),
	(1671, 2, 'B', '14', '0'),
	(1672, 2, 'B', '13', '0'),
	(1673, 2, 'B', '12', '1'),
	(1674, 2, 'B', '11', '0'),
	(1675, 2, 'B', '10', '0'),
	(1676, 2, 'B', '9', '0'),
	(1677, 2, 'B', '8', '0'),
	(1678, 2, 'B', '7', '0'),
	(1679, 2, 'B', '6', '0'),
	(1680, 2, 'B', '5', '0'),
	(1681, 2, 'B', '4', '0'),
	(1682, 2, 'B', '3', '0'),
	(1683, 2, 'B', '2', '0'),
	(1684, 2, 'B', '1', '0'),
	(2685, 3, 'J', '20', '0'),
	(2686, 3, 'J', '19', '0'),
	(2687, 3, 'J', '18', '0'),
	(2688, 3, 'J', '17', '0'),
	(2689, 3, 'J', '16', '1'),
	(2690, 3, 'J', '15', '1'),
	(2691, 3, 'J', '14', '0'),
	(2692, 3, 'J', '13', '0'),
	(2693, 3, 'J', '12', '0'),
	(2694, 3, 'J', '11', '0'),
	(2695, 3, 'J', '10', '0'),
	(2696, 3, 'J', '9', '0'),
	(2697, 3, 'J', '8', '0'),
	(2698, 3, 'J', '7', '0'),
	(2699, 3, 'J', '6', '0'),
	(2700, 3, 'J', '5', '0'),
	(2701, 3, 'J', '4', '0'),
	(2702, 3, 'J', '3', '0'),
	(2703, 3, 'J', '2', '0'),
	(2704, 3, 'J', '1', '0'),
	(2705, 3, 'I', '30', '0'),
	(2706, 3, 'I', '29', '0'),
	(2707, 3, 'I', '28', '0'),
	(2708, 3, 'I', '27', '0'),
	(2709, 3, 'I', '26', '0'),
	(2710, 3, 'I', '25', '0'),
	(2711, 3, 'I', '24', '0'),
	(2712, 3, 'I', '23', '0'),
	(2713, 3, 'I', '22', '0'),
	(2714, 3, 'I', '21', '0'),
	(2715, 3, 'I', '20', '0'),
	(2716, 3, 'I', '19', '0'),
	(2717, 3, 'I', '18', '0'),
	(2718, 3, 'I', '17', '0'),
	(2719, 3, 'I', '16', '1'),
	(2720, 3, 'I', '15', '1'),
	(2721, 3, 'I', '14', '0'),
	(2722, 3, 'I', '13', '0'),
	(2723, 3, 'I', '12', '0'),
	(2724, 3, 'I', '11', '0'),
	(2725, 3, 'I', '10', '0'),
	(2726, 3, 'I', '9', '0'),
	(2727, 3, 'I', '8', '0'),
	(2728, 3, 'I', '7', '0'),
	(2729, 3, 'I', '6', '0'),
	(2730, 3, 'I', '5', '0'),
	(2731, 3, 'I', '4', '0'),
	(2732, 3, 'I', '3', '0'),
	(2733, 3, 'I', '2', '0'),
	(2734, 3, 'I', '1', '0'),
	(2735, 3, 'H', '30', '0'),
	(2736, 3, 'H', '29', '0'),
	(2737, 3, 'H', '28', '0'),
	(2738, 3, 'H', '27', '0'),
	(2739, 3, 'H', '26', '0'),
	(2740, 3, 'H', '25', '0'),
	(2741, 3, 'H', '24', '0'),
	(2742, 3, 'H', '23', '0'),
	(2743, 3, 'H', '22', '0'),
	(2744, 3, 'H', '21', '0'),
	(2745, 3, 'H', '20', '0'),
	(2746, 3, 'H', '19', '0'),
	(2747, 3, 'H', '18', '0'),
	(2748, 3, 'H', '17', '0'),
	(2749, 3, 'H', '16', '0'),
	(2750, 3, 'H', '15', '0'),
	(2751, 3, 'H', '14', '0'),
	(2752, 3, 'H', '13', '0'),
	(2753, 3, 'H', '12', '0'),
	(2754, 3, 'H', '11', '0'),
	(2755, 3, 'H', '10', '0'),
	(2756, 3, 'H', '9', '0'),
	(2757, 3, 'H', '8', '0'),
	(2758, 3, 'H', '7', '0'),
	(2759, 3, 'H', '6', '0'),
	(2760, 3, 'H', '5', '0'),
	(2761, 3, 'H', '4', '0'),
	(2762, 3, 'H', '3', '0'),
	(2763, 3, 'H', '2', '0'),
	(2764, 3, 'H', '1', '0'),
	(2765, 3, 'G', '30', '0'),
	(2766, 3, 'G', '29', '0'),
	(2767, 3, 'G', '28', '0'),
	(2768, 3, 'G', '27', '0'),
	(2769, 3, 'G', '26', '0'),
	(2770, 3, 'G', '25', '0'),
	(2771, 3, 'G', '24', '0'),
	(2772, 3, 'G', '23', '0'),
	(2773, 3, 'G', '22', '0'),
	(2774, 3, 'G', '21', '0'),
	(2775, 3, 'G', '20', '0'),
	(2776, 3, 'G', '19', '0'),
	(2777, 3, 'G', '18', '0'),
	(2778, 3, 'G', '17', '0'),
	(2779, 3, 'G', '16', '0'),
	(2780, 3, 'G', '15', '0'),
	(2781, 3, 'G', '14', '0'),
	(2782, 3, 'G', '13', '0'),
	(2783, 3, 'G', '12', '0'),
	(2784, 3, 'G', '11', '0'),
	(2785, 3, 'G', '10', '0'),
	(2786, 3, 'G', '9', '0'),
	(2787, 3, 'G', '8', '0'),
	(2788, 3, 'G', '7', '0'),
	(2789, 3, 'G', '6', '0'),
	(2790, 3, 'G', '5', '0'),
	(2791, 3, 'G', '4', '0'),
	(2792, 3, 'G', '3', '0'),
	(2793, 3, 'G', '2', '0'),
	(2794, 3, 'G', '1', '0'),
	(2795, 3, 'F', '30', '0'),
	(2796, 3, 'F', '29', '0'),
	(2797, 3, 'F', '28', '0'),
	(2798, 3, 'F', '27', '0'),
	(2799, 3, 'F', '26', '0'),
	(2800, 3, 'F', '25', '0'),
	(2801, 3, 'F', '24', '0'),
	(2802, 3, 'F', '23', '0'),
	(2803, 3, 'F', '22', '0'),
	(2804, 3, 'F', '21', '0'),
	(2805, 3, 'F', '20', '0'),
	(2806, 3, 'F', '19', '0'),
	(2807, 3, 'F', '18', '0'),
	(2808, 3, 'F', '17', '0'),
	(2809, 3, 'F', '16', '0'),
	(2810, 3, 'F', '15', '0'),
	(2811, 3, 'F', '14', '0'),
	(2812, 3, 'F', '13', '0'),
	(2813, 3, 'F', '12', '0'),
	(2814, 3, 'F', '11', '0'),
	(2815, 3, 'F', '10', '0'),
	(2816, 3, 'F', '9', '0'),
	(2817, 3, 'F', '8', '0'),
	(2818, 3, 'F', '7', '0'),
	(2819, 3, 'F', '6', '0'),
	(2820, 3, 'F', '5', '0'),
	(2821, 3, 'F', '4', '0'),
	(2822, 3, 'F', '3', '0'),
	(2823, 3, 'F', '2', '0'),
	(2824, 3, 'F', '1', '0'),
	(2825, 3, 'E', '30', '0'),
	(2826, 3, 'E', '29', '0'),
	(2827, 3, 'E', '28', '0'),
	(2828, 3, 'E', '27', '0'),
	(2829, 3, 'E', '26', '0'),
	(2830, 3, 'E', '25', '0'),
	(2831, 3, 'E', '24', '0'),
	(2832, 3, 'E', '23', '0'),
	(2833, 3, 'E', '22', '0'),
	(2834, 3, 'E', '21', '0'),
	(2835, 3, 'E', '20', '0'),
	(2836, 3, 'E', '19', '0'),
	(2837, 3, 'E', '18', '0'),
	(2838, 3, 'E', '17', '0'),
	(2839, 3, 'E', '16', '0'),
	(2840, 3, 'E', '15', '0'),
	(2841, 3, 'E', '14', '0'),
	(2842, 3, 'E', '13', '0'),
	(2843, 3, 'E', '12', '0'),
	(2844, 3, 'E', '11', '0'),
	(2845, 3, 'E', '10', '0'),
	(2846, 3, 'E', '9', '0'),
	(2847, 3, 'E', '8', '0'),
	(2848, 3, 'E', '7', '0'),
	(2849, 3, 'E', '6', '0'),
	(2850, 3, 'E', '5', '0'),
	(2851, 3, 'E', '4', '0'),
	(2852, 3, 'E', '3', '0'),
	(2853, 3, 'E', '2', '0'),
	(2854, 3, 'E', '1', '0'),
	(2855, 3, 'D', '30', '0'),
	(2856, 3, 'D', '29', '0'),
	(2857, 3, 'D', '28', '0'),
	(2858, 3, 'D', '27', '0'),
	(2859, 3, 'D', '26', '0'),
	(2860, 3, 'D', '25', '0'),
	(2861, 3, 'D', '24', '0'),
	(2862, 3, 'D', '23', '0'),
	(2863, 3, 'D', '22', '0'),
	(2864, 3, 'D', '21', '0'),
	(2865, 3, 'D', '20', '0'),
	(2866, 3, 'D', '19', '0'),
	(2867, 3, 'D', '18', '0'),
	(2868, 3, 'D', '17', '0'),
	(2869, 3, 'D', '16', '0'),
	(2870, 3, 'D', '15', '0'),
	(2871, 3, 'D', '14', '0'),
	(2872, 3, 'D', '13', '0'),
	(2873, 3, 'D', '12', '0'),
	(2874, 3, 'D', '11', '0'),
	(2875, 3, 'D', '10', '0'),
	(2876, 3, 'D', '9', '0'),
	(2877, 3, 'D', '8', '0'),
	(2878, 3, 'D', '7', '0'),
	(2879, 3, 'D', '6', '0'),
	(2880, 3, 'D', '5', '0'),
	(2881, 3, 'D', '4', '0'),
	(2882, 3, 'D', '3', '0'),
	(2883, 3, 'D', '2', '0'),
	(2884, 3, 'D', '1', '0'),
	(2885, 3, 'C', '30', '0'),
	(2886, 3, 'C', '29', '0'),
	(2887, 3, 'C', '28', '0'),
	(2888, 3, 'C', '27', '0'),
	(2889, 3, 'C', '26', '0'),
	(2890, 3, 'C', '25', '0'),
	(2891, 3, 'C', '24', '0'),
	(2892, 3, 'C', '23', '0'),
	(2893, 3, 'C', '22', '0'),
	(2894, 3, 'C', '21', '0'),
	(2895, 3, 'C', '20', '0'),
	(2896, 3, 'C', '19', '0'),
	(2897, 3, 'C', '18', '0'),
	(2898, 3, 'C', '17', '0'),
	(2899, 3, 'C', '16', '0'),
	(2900, 3, 'C', '15', '0'),
	(2901, 3, 'C', '14', '0'),
	(2902, 3, 'C', '13', '0'),
	(2903, 3, 'C', '12', '0'),
	(2904, 3, 'C', '11', '0'),
	(2905, 3, 'C', '10', '0'),
	(2906, 3, 'C', '9', '0'),
	(2907, 3, 'C', '8', '0'),
	(2908, 3, 'C', '7', '0'),
	(2909, 3, 'C', '6', '0'),
	(2910, 3, 'C', '5', '0'),
	(2911, 3, 'C', '4', '0'),
	(2912, 3, 'C', '3', '0'),
	(2913, 3, 'C', '2', '0'),
	(2914, 3, 'C', '1', '0'),
	(2915, 3, 'B', '30', '0'),
	(2916, 3, 'B', '29', '0'),
	(2917, 3, 'B', '28', '0'),
	(2918, 3, 'B', '27', '0'),
	(2919, 3, 'B', '26', '0'),
	(2920, 3, 'B', '25', '0'),
	(2921, 3, 'B', '24', '0'),
	(2922, 3, 'B', '23', '0'),
	(2923, 3, 'B', '22', '0'),
	(2924, 3, 'B', '21', '0'),
	(2925, 3, 'B', '20', '0'),
	(2926, 3, 'B', '19', '0'),
	(2927, 3, 'B', '18', '0'),
	(2928, 3, 'B', '17', '0'),
	(2929, 3, 'B', '16', '0'),
	(2930, 3, 'B', '15', '0'),
	(2931, 3, 'B', '14', '0'),
	(2932, 3, 'B', '13', '0'),
	(2933, 3, 'B', '12', '0'),
	(2934, 3, 'B', '11', '0'),
	(2935, 3, 'B', '10', '0'),
	(2936, 3, 'B', '9', '0'),
	(2937, 3, 'B', '8', '0'),
	(2938, 3, 'B', '7', '0'),
	(2939, 3, 'B', '6', '0'),
	(2940, 3, 'B', '5', '0'),
	(2941, 3, 'B', '4', '0'),
	(2942, 3, 'B', '3', '0'),
	(2943, 3, 'B', '2', '0'),
	(2944, 3, 'B', '1', '0'),
	(2945, 4, 'O', '30', '0'),
	(2946, 4, 'O', '29', '0'),
	(2947, 4, 'O', '28', '0'),
	(2948, 4, 'O', '27', '0'),
	(2949, 4, 'O', '26', '0'),
	(2950, 4, 'O', '25', '0'),
	(2951, 4, 'O', '24', '0'),
	(2952, 4, 'O', '23', '0'),
	(2953, 4, 'O', '22', '0'),
	(2954, 4, 'O', '21', '0'),
	(2955, 4, 'O', '20', '0'),
	(2956, 4, 'O', '19', '0'),
	(2957, 4, 'O', '18', '0'),
	(2958, 4, 'O', '17', '0'),
	(2959, 4, 'O', '16', '0'),
	(2960, 4, 'O', '15', '0'),
	(2961, 4, 'O', '14', '0'),
	(2962, 4, 'O', '13', '0'),
	(2963, 4, 'O', '12', '0'),
	(2964, 4, 'O', '11', '0'),
	(2965, 4, 'O', '10', '0'),
	(2966, 4, 'O', '9', '0'),
	(2967, 4, 'O', '8', '0'),
	(2968, 4, 'O', '7', '0'),
	(2969, 4, 'O', '6', '0'),
	(2970, 4, 'O', '5', '0'),
	(2971, 4, 'O', '4', '1'),
	(2972, 4, 'O', '3', '0'),
	(2973, 4, 'O', '2', '0'),
	(2974, 4, 'O', '1', '0'),
	(2975, 4, 'N', '30', '0'),
	(2976, 4, 'N', '29', '0'),
	(2977, 4, 'N', '28', '0'),
	(2978, 4, 'N', '27', '0'),
	(2979, 4, 'N', '26', '0'),
	(2980, 4, 'N', '25', '0'),
	(2981, 4, 'N', '24', '0'),
	(2982, 4, 'N', '23', '0'),
	(2983, 4, 'N', '22', '0'),
	(2984, 4, 'N', '21', '0'),
	(2985, 4, 'N', '20', '0'),
	(2986, 4, 'N', '19', '0'),
	(2987, 4, 'N', '18', '0'),
	(2988, 4, 'N', '17', '0'),
	(2989, 4, 'N', '16', '0'),
	(2990, 4, 'N', '15', '0'),
	(2991, 4, 'N', '14', '0'),
	(2992, 4, 'N', '13', '0'),
	(2993, 4, 'N', '12', '0'),
	(2994, 4, 'N', '11', '0'),
	(2995, 4, 'N', '10', '0'),
	(2996, 4, 'N', '9', '0'),
	(2997, 4, 'N', '8', '0'),
	(2998, 4, 'N', '7', '0'),
	(2999, 4, 'N', '6', '0'),
	(3000, 4, 'N', '5', '0'),
	(3001, 4, 'N', '4', '1'),
	(3002, 4, 'N', '3', '0'),
	(3003, 4, 'N', '2', '0'),
	(3004, 4, 'N', '1', '0'),
	(3005, 4, 'M', '30', '0'),
	(3006, 4, 'M', '29', '0'),
	(3007, 4, 'M', '28', '0'),
	(3008, 4, 'M', '27', '0'),
	(3009, 4, 'M', '26', '0'),
	(3010, 4, 'M', '25', '0'),
	(3011, 4, 'M', '24', '0'),
	(3012, 4, 'M', '23', '0'),
	(3013, 4, 'M', '22', '0'),
	(3014, 4, 'M', '21', '0'),
	(3015, 4, 'M', '20', '0'),
	(3016, 4, 'M', '19', '0'),
	(3017, 4, 'M', '18', '0'),
	(3018, 4, 'M', '17', '0'),
	(3019, 4, 'M', '16', '0'),
	(3020, 4, 'M', '15', '0'),
	(3021, 4, 'M', '14', '0'),
	(3022, 4, 'M', '13', '0'),
	(3023, 4, 'M', '12', '0'),
	(3024, 4, 'M', '11', '0'),
	(3025, 4, 'M', '10', '0'),
	(3026, 4, 'M', '9', '0'),
	(3027, 4, 'M', '8', '0'),
	(3028, 4, 'M', '7', '0'),
	(3029, 4, 'M', '6', '0'),
	(3030, 4, 'M', '5', '0'),
	(3031, 4, 'M', '4', '1'),
	(3032, 4, 'M', '3', '0'),
	(3033, 4, 'M', '2', '0'),
	(3034, 4, 'M', '1', '0'),
	(3035, 4, 'L', '30', '0'),
	(3036, 4, 'L', '29', '0'),
	(3037, 4, 'L', '28', '0'),
	(3038, 4, 'L', '27', '0'),
	(3039, 4, 'L', '26', '0'),
	(3040, 4, 'L', '25', '0'),
	(3041, 4, 'L', '24', '0'),
	(3042, 4, 'L', '23', '0'),
	(3043, 4, 'L', '22', '0'),
	(3044, 4, 'L', '21', '0'),
	(3045, 4, 'L', '20', '0'),
	(3046, 4, 'L', '19', '0'),
	(3047, 4, 'L', '18', '0'),
	(3048, 4, 'L', '17', '0'),
	(3049, 4, 'L', '16', '0'),
	(3050, 4, 'L', '15', '0'),
	(3051, 4, 'L', '14', '0'),
	(3052, 4, 'L', '13', '0'),
	(3053, 4, 'L', '12', '0'),
	(3054, 4, 'L', '11', '0'),
	(3055, 4, 'L', '10', '0'),
	(3056, 4, 'L', '9', '0'),
	(3057, 4, 'L', '8', '0'),
	(3058, 4, 'L', '7', '0'),
	(3059, 4, 'L', '6', '0'),
	(3060, 4, 'L', '5', '0'),
	(3061, 4, 'L', '4', '1'),
	(3062, 4, 'L', '3', '1'),
	(3063, 4, 'L', '2', '1'),
	(3064, 4, 'L', '1', '1'),
	(3065, 4, 'K', '30', '0'),
	(3066, 4, 'K', '29', '0'),
	(3067, 4, 'K', '28', '0'),
	(3068, 4, 'K', '27', '0'),
	(3069, 4, 'K', '26', '0'),
	(3070, 4, 'K', '25', '0'),
	(3071, 4, 'K', '24', '0'),
	(3072, 4, 'K', '23', '0'),
	(3073, 4, 'K', '22', '0'),
	(3074, 4, 'K', '21', '0'),
	(3075, 4, 'K', '20', '0'),
	(3076, 4, 'K', '19', '0'),
	(3077, 4, 'K', '18', '0'),
	(3078, 4, 'K', '17', '0'),
	(3079, 4, 'K', '16', '0'),
	(3080, 4, 'K', '15', '0'),
	(3081, 4, 'K', '14', '0'),
	(3082, 4, 'K', '13', '0'),
	(3083, 4, 'K', '12', '0'),
	(3084, 4, 'K', '11', '0'),
	(3085, 4, 'K', '10', '0'),
	(3086, 4, 'K', '9', '0'),
	(3087, 4, 'K', '8', '0'),
	(3088, 4, 'K', '7', '0'),
	(3089, 4, 'K', '6', '0'),
	(3090, 4, 'K', '5', '0'),
	(3091, 4, 'K', '4', '0'),
	(3092, 4, 'K', '3', '0'),
	(3093, 4, 'K', '2', '0'),
	(3094, 4, 'K', '1', '0'),
	(3095, 4, 'J', '30', '0'),
	(3096, 4, 'J', '29', '0'),
	(3097, 4, 'J', '28', '0'),
	(3098, 4, 'J', '27', '0'),
	(3099, 4, 'J', '26', '0'),
	(3100, 4, 'J', '25', '0'),
	(3101, 4, 'J', '24', '0'),
	(3102, 4, 'J', '23', '0'),
	(3103, 4, 'J', '22', '0'),
	(3104, 4, 'J', '21', '0'),
	(3105, 4, 'J', '20', '0'),
	(3106, 4, 'J', '19', '0'),
	(3107, 4, 'J', '18', '0'),
	(3108, 4, 'J', '17', '0'),
	(3109, 4, 'J', '16', '0'),
	(3110, 4, 'J', '15', '0'),
	(3111, 4, 'J', '14', '0'),
	(3112, 4, 'J', '13', '0'),
	(3113, 4, 'J', '12', '0'),
	(3114, 4, 'J', '11', '0'),
	(3115, 4, 'J', '10', '0'),
	(3116, 4, 'J', '9', '0'),
	(3117, 4, 'J', '8', '0'),
	(3118, 4, 'J', '7', '0'),
	(3119, 4, 'J', '6', '0'),
	(3120, 4, 'J', '5', '0'),
	(3121, 4, 'J', '4', '0'),
	(3122, 4, 'J', '3', '0'),
	(3123, 4, 'J', '2', '0'),
	(3124, 4, 'J', '1', '0'),
	(3125, 4, 'I', '30', '0'),
	(3126, 4, 'I', '29', '0'),
	(3127, 4, 'I', '28', '0'),
	(3128, 4, 'I', '27', '0'),
	(3129, 4, 'I', '26', '0'),
	(3130, 4, 'I', '25', '0'),
	(3131, 4, 'I', '24', '0'),
	(3132, 4, 'I', '23', '0'),
	(3133, 4, 'I', '22', '0'),
	(3134, 4, 'I', '21', '0'),
	(3135, 4, 'I', '20', '0'),
	(3136, 4, 'I', '19', '0'),
	(3137, 4, 'I', '18', '0'),
	(3138, 4, 'I', '17', '0'),
	(3139, 4, 'I', '16', '0'),
	(3140, 4, 'I', '15', '0'),
	(3141, 4, 'I', '14', '0'),
	(3142, 4, 'I', '13', '0'),
	(3143, 4, 'I', '12', '0'),
	(3144, 4, 'I', '11', '0'),
	(3145, 4, 'I', '10', '0'),
	(3146, 4, 'I', '9', '0'),
	(3147, 4, 'I', '8', '0'),
	(3148, 4, 'I', '7', '0'),
	(3149, 4, 'I', '6', '0'),
	(3150, 4, 'I', '5', '0'),
	(3151, 4, 'I', '4', '0'),
	(3152, 4, 'I', '3', '0'),
	(3153, 4, 'I', '2', '0'),
	(3154, 4, 'I', '1', '0'),
	(3155, 4, 'H', '30', '0'),
	(3156, 4, 'H', '29', '0'),
	(3157, 4, 'H', '28', '0'),
	(3158, 4, 'H', '27', '0'),
	(3159, 4, 'H', '26', '0'),
	(3160, 4, 'H', '25', '0'),
	(3161, 4, 'H', '24', '0'),
	(3162, 4, 'H', '23', '0'),
	(3163, 4, 'H', '22', '0'),
	(3164, 4, 'H', '21', '0'),
	(3165, 4, 'H', '20', '0'),
	(3166, 4, 'H', '19', '0'),
	(3167, 4, 'H', '18', '0'),
	(3168, 4, 'H', '17', '0'),
	(3169, 4, 'H', '16', '0'),
	(3170, 4, 'H', '15', '0'),
	(3171, 4, 'H', '14', '0'),
	(3172, 4, 'H', '13', '0'),
	(3173, 4, 'H', '12', '0'),
	(3174, 4, 'H', '11', '0'),
	(3175, 4, 'H', '10', '0'),
	(3176, 4, 'H', '9', '0'),
	(3177, 4, 'H', '8', '0'),
	(3178, 4, 'H', '7', '0'),
	(3179, 4, 'H', '6', '0'),
	(3180, 4, 'H', '5', '0'),
	(3181, 4, 'H', '4', '0'),
	(3182, 4, 'H', '3', '0'),
	(3183, 4, 'H', '2', '0'),
	(3184, 4, 'H', '1', '0'),
	(3185, 4, 'G', '30', '0'),
	(3186, 4, 'G', '29', '0'),
	(3187, 4, 'G', '28', '0'),
	(3188, 4, 'G', '27', '0'),
	(3189, 4, 'G', '26', '0'),
	(3190, 4, 'G', '25', '0'),
	(3191, 4, 'G', '24', '0'),
	(3192, 4, 'G', '23', '0'),
	(3193, 4, 'G', '22', '0'),
	(3194, 4, 'G', '21', '0'),
	(3195, 4, 'G', '20', '0'),
	(3196, 4, 'G', '19', '0'),
	(3197, 4, 'G', '18', '0'),
	(3198, 4, 'G', '17', '0'),
	(3199, 4, 'G', '16', '0'),
	(3200, 4, 'G', '15', '0'),
	(3201, 4, 'G', '14', '0'),
	(3202, 4, 'G', '13', '0'),
	(3203, 4, 'G', '12', '0'),
	(3204, 4, 'G', '11', '0'),
	(3205, 4, 'G', '10', '0'),
	(3206, 4, 'G', '9', '0'),
	(3207, 4, 'G', '8', '0'),
	(3208, 4, 'G', '7', '0'),
	(3209, 4, 'G', '6', '0'),
	(3210, 4, 'G', '5', '0'),
	(3211, 4, 'G', '4', '0'),
	(3212, 4, 'G', '3', '0'),
	(3213, 4, 'G', '2', '0'),
	(3214, 4, 'G', '1', '0'),
	(3215, 4, 'F', '30', '0'),
	(3216, 4, 'F', '29', '0'),
	(3217, 4, 'F', '28', '0'),
	(3218, 4, 'F', '27', '0'),
	(3219, 4, 'F', '26', '0'),
	(3220, 4, 'F', '25', '0'),
	(3221, 4, 'F', '24', '0'),
	(3222, 4, 'F', '23', '0'),
	(3223, 4, 'F', '22', '0'),
	(3224, 4, 'F', '21', '0'),
	(3225, 4, 'F', '20', '0'),
	(3226, 4, 'F', '19', '0'),
	(3227, 4, 'F', '18', '0'),
	(3228, 4, 'F', '17', '0'),
	(3229, 4, 'F', '16', '0'),
	(3230, 4, 'F', '15', '0'),
	(3231, 4, 'F', '14', '0'),
	(3232, 4, 'F', '13', '0'),
	(3233, 4, 'F', '12', '0'),
	(3234, 4, 'F', '11', '0'),
	(3235, 4, 'F', '10', '0'),
	(3236, 4, 'F', '9', '0'),
	(3237, 4, 'F', '8', '0'),
	(3238, 4, 'F', '7', '0'),
	(3239, 4, 'F', '6', '0'),
	(3240, 4, 'F', '5', '0'),
	(3241, 4, 'F', '4', '0'),
	(3242, 4, 'F', '3', '0'),
	(3243, 4, 'F', '2', '0'),
	(3244, 4, 'F', '1', '0'),
	(3245, 4, 'E', '30', '0'),
	(3246, 4, 'E', '29', '0'),
	(3247, 4, 'E', '28', '0'),
	(3248, 4, 'E', '27', '0'),
	(3249, 4, 'E', '26', '0'),
	(3250, 4, 'E', '25', '0'),
	(3251, 4, 'E', '24', '0'),
	(3252, 4, 'E', '23', '0'),
	(3253, 4, 'E', '22', '0'),
	(3254, 4, 'E', '21', '0'),
	(3255, 4, 'E', '20', '0'),
	(3256, 4, 'E', '19', '0'),
	(3257, 4, 'E', '18', '0'),
	(3258, 4, 'E', '17', '0'),
	(3259, 4, 'E', '16', '0'),
	(3260, 4, 'E', '15', '0'),
	(3261, 4, 'E', '14', '0'),
	(3262, 4, 'E', '13', '0'),
	(3263, 4, 'E', '12', '0'),
	(3264, 4, 'E', '11', '0'),
	(3265, 4, 'E', '10', '0'),
	(3266, 4, 'E', '9', '0'),
	(3267, 4, 'E', '8', '0'),
	(3268, 4, 'E', '7', '0'),
	(3269, 4, 'E', '6', '0'),
	(3270, 4, 'E', '5', '0'),
	(3271, 4, 'E', '4', '0'),
	(3272, 4, 'E', '3', '0'),
	(3273, 4, 'E', '2', '0'),
	(3274, 4, 'E', '1', '0'),
	(3275, 4, 'D', '30', '0'),
	(3276, 4, 'D', '29', '0'),
	(3277, 4, 'D', '28', '0'),
	(3278, 4, 'D', '27', '0'),
	(3279, 4, 'D', '26', '0'),
	(3280, 4, 'D', '25', '0'),
	(3281, 4, 'D', '24', '0'),
	(3282, 4, 'D', '23', '0'),
	(3283, 4, 'D', '22', '0'),
	(3284, 4, 'D', '21', '0'),
	(3285, 4, 'D', '20', '0'),
	(3286, 4, 'D', '19', '0'),
	(3287, 4, 'D', '18', '0'),
	(3288, 4, 'D', '17', '0'),
	(3289, 4, 'D', '16', '0'),
	(3290, 4, 'D', '15', '0'),
	(3291, 4, 'D', '14', '0'),
	(3292, 4, 'D', '13', '0'),
	(3293, 4, 'D', '12', '0'),
	(3294, 4, 'D', '11', '0'),
	(3295, 4, 'D', '10', '0'),
	(3296, 4, 'D', '9', '0'),
	(3297, 4, 'D', '8', '0'),
	(3298, 4, 'D', '7', '0'),
	(3299, 4, 'D', '6', '0'),
	(3300, 4, 'D', '5', '0'),
	(3301, 4, 'D', '4', '0'),
	(3302, 4, 'D', '3', '0'),
	(3303, 4, 'D', '2', '0'),
	(3304, 4, 'D', '1', '0'),
	(3305, 4, 'C', '30', '0'),
	(3306, 4, 'C', '29', '0'),
	(3307, 4, 'C', '28', '0'),
	(3308, 4, 'C', '27', '0'),
	(3309, 4, 'C', '26', '0'),
	(3310, 4, 'C', '25', '0'),
	(3311, 4, 'C', '24', '0'),
	(3312, 4, 'C', '23', '0'),
	(3313, 4, 'C', '22', '0'),
	(3314, 4, 'C', '21', '0'),
	(3315, 4, 'C', '20', '0'),
	(3316, 4, 'C', '19', '0'),
	(3317, 4, 'C', '18', '0'),
	(3318, 4, 'C', '17', '0'),
	(3319, 4, 'C', '16', '0'),
	(3320, 4, 'C', '15', '0'),
	(3321, 4, 'C', '14', '0'),
	(3322, 4, 'C', '13', '0'),
	(3323, 4, 'C', '12', '0'),
	(3324, 4, 'C', '11', '0'),
	(3325, 4, 'C', '10', '0'),
	(3326, 4, 'C', '9', '0'),
	(3327, 4, 'C', '8', '0'),
	(3328, 4, 'C', '7', '0'),
	(3329, 4, 'C', '6', '0'),
	(3330, 4, 'C', '5', '0'),
	(3331, 4, 'C', '4', '0'),
	(3332, 4, 'C', '3', '0'),
	(3333, 4, 'C', '2', '0'),
	(3334, 4, 'C', '1', '0'),
	(3335, 4, 'B', '30', '0'),
	(3336, 4, 'B', '29', '0'),
	(3337, 4, 'B', '28', '0'),
	(3338, 4, 'B', '27', '0'),
	(3339, 4, 'B', '26', '0'),
	(3340, 4, 'B', '25', '0'),
	(3341, 4, 'B', '24', '0'),
	(3342, 4, 'B', '23', '0'),
	(3343, 4, 'B', '22', '0'),
	(3344, 4, 'B', '21', '0'),
	(3345, 4, 'B', '20', '0'),
	(3346, 4, 'B', '19', '0'),
	(3347, 4, 'B', '18', '0'),
	(3348, 4, 'B', '17', '0'),
	(3349, 4, 'B', '16', '0'),
	(3350, 4, 'B', '15', '0'),
	(3351, 4, 'B', '14', '0'),
	(3352, 4, 'B', '13', '0'),
	(3353, 4, 'B', '12', '0'),
	(3354, 4, 'B', '11', '0'),
	(3355, 4, 'B', '10', '0'),
	(3356, 4, 'B', '9', '0'),
	(3357, 4, 'B', '8', '0'),
	(3358, 4, 'B', '7', '0'),
	(3359, 4, 'B', '6', '0'),
	(3360, 4, 'B', '5', '0'),
	(3361, 4, 'B', '4', '0'),
	(3362, 4, 'B', '3', '0'),
	(3363, 4, 'B', '2', '0'),
	(3364, 4, 'B', '1', '0'),
	(3365, 5, 'O', '30', '0'),
	(3366, 5, 'O', '29', '0'),
	(3367, 5, 'O', '28', '0'),
	(3368, 5, 'O', '27', '0'),
	(3369, 5, 'O', '26', '0'),
	(3370, 5, 'O', '25', '0'),
	(3371, 5, 'O', '24', '0'),
	(3372, 5, 'O', '23', '0'),
	(3373, 5, 'O', '22', '0'),
	(3374, 5, 'O', '21', '0'),
	(3375, 5, 'O', '20', '0'),
	(3376, 5, 'O', '19', '0'),
	(3377, 5, 'O', '18', '0'),
	(3378, 5, 'O', '17', '0'),
	(3379, 5, 'O', '16', '0'),
	(3380, 5, 'O', '15', '1'),
	(3381, 5, 'O', '14', '1'),
	(3382, 5, 'O', '13', '0'),
	(3383, 5, 'O', '12', '0'),
	(3384, 5, 'O', '11', '0'),
	(3385, 5, 'O', '10', '0'),
	(3386, 5, 'O', '9', '0'),
	(3387, 5, 'O', '8', '0'),
	(3388, 5, 'O', '7', '0'),
	(3389, 5, 'O', '6', '0'),
	(3390, 5, 'O', '5', '0'),
	(3391, 5, 'O', '4', '0'),
	(3392, 5, 'O', '3', '0'),
	(3393, 5, 'O', '2', '0'),
	(3394, 5, 'O', '1', '0'),
	(3395, 5, 'N', '30', '0'),
	(3396, 5, 'N', '29', '0'),
	(3397, 5, 'N', '28', '0'),
	(3398, 5, 'N', '27', '0'),
	(3399, 5, 'N', '26', '0'),
	(3400, 5, 'N', '25', '0'),
	(3401, 5, 'N', '24', '0'),
	(3402, 5, 'N', '23', '0'),
	(3403, 5, 'N', '22', '0'),
	(3404, 5, 'N', '21', '0'),
	(3405, 5, 'N', '20', '0'),
	(3406, 5, 'N', '19', '0'),
	(3407, 5, 'N', '18', '0'),
	(3408, 5, 'N', '17', '0'),
	(3409, 5, 'N', '16', '0'),
	(3410, 5, 'N', '15', '1'),
	(3411, 5, 'N', '14', '1'),
	(3412, 5, 'N', '13', '0'),
	(3413, 5, 'N', '12', '0'),
	(3414, 5, 'N', '11', '0'),
	(3415, 5, 'N', '10', '0'),
	(3416, 5, 'N', '9', '0'),
	(3417, 5, 'N', '8', '0'),
	(3418, 5, 'N', '7', '0'),
	(3419, 5, 'N', '6', '0'),
	(3420, 5, 'N', '5', '0'),
	(3421, 5, 'N', '4', '0'),
	(3422, 5, 'N', '3', '0'),
	(3423, 5, 'N', '2', '0'),
	(3424, 5, 'N', '1', '0'),
	(3425, 5, 'M', '30', '0'),
	(3426, 5, 'M', '29', '0'),
	(3427, 5, 'M', '28', '0'),
	(3428, 5, 'M', '27', '0'),
	(3429, 5, 'M', '26', '0'),
	(3430, 5, 'M', '25', '0'),
	(3431, 5, 'M', '24', '0'),
	(3432, 5, 'M', '23', '0'),
	(3433, 5, 'M', '22', '0'),
	(3434, 5, 'M', '21', '0'),
	(3435, 5, 'M', '20', '0'),
	(3436, 5, 'M', '19', '0'),
	(3437, 5, 'M', '18', '0'),
	(3438, 5, 'M', '17', '0'),
	(3439, 5, 'M', '16', '0'),
	(3440, 5, 'M', '15', '1'),
	(3441, 5, 'M', '14', '1'),
	(3442, 5, 'M', '13', '0'),
	(3443, 5, 'M', '12', '0'),
	(3444, 5, 'M', '11', '0'),
	(3445, 5, 'M', '10', '0'),
	(3446, 5, 'M', '9', '0'),
	(3447, 5, 'M', '8', '0'),
	(3448, 5, 'M', '7', '0'),
	(3449, 5, 'M', '6', '0'),
	(3450, 5, 'M', '5', '0'),
	(3451, 5, 'M', '4', '0'),
	(3452, 5, 'M', '3', '0'),
	(3453, 5, 'M', '2', '0'),
	(3454, 5, 'M', '1', '0'),
	(3455, 5, 'L', '30', '0'),
	(3456, 5, 'L', '29', '0'),
	(3457, 5, 'L', '28', '0'),
	(3458, 5, 'L', '27', '0'),
	(3459, 5, 'L', '26', '0'),
	(3460, 5, 'L', '25', '0'),
	(3461, 5, 'L', '24', '0'),
	(3462, 5, 'L', '23', '0'),
	(3463, 5, 'L', '22', '0'),
	(3464, 5, 'L', '21', '0'),
	(3465, 5, 'L', '20', '0'),
	(3466, 5, 'L', '19', '0'),
	(3467, 5, 'L', '18', '0'),
	(3468, 5, 'L', '17', '0'),
	(3469, 5, 'L', '16', '0'),
	(3470, 5, 'L', '15', '0'),
	(3471, 5, 'L', '14', '0'),
	(3472, 5, 'L', '13', '0'),
	(3473, 5, 'L', '12', '0'),
	(3474, 5, 'L', '11', '0'),
	(3475, 5, 'L', '10', '0'),
	(3476, 5, 'L', '9', '0'),
	(3477, 5, 'L', '8', '0'),
	(3478, 5, 'L', '7', '0'),
	(3479, 5, 'L', '6', '0'),
	(3480, 5, 'L', '5', '0'),
	(3481, 5, 'L', '4', '0'),
	(3482, 5, 'L', '3', '0'),
	(3483, 5, 'L', '2', '0'),
	(3484, 5, 'L', '1', '0'),
	(3485, 5, 'K', '30', '0'),
	(3486, 5, 'K', '29', '0'),
	(3487, 5, 'K', '28', '0'),
	(3488, 5, 'K', '27', '0'),
	(3489, 5, 'K', '26', '0'),
	(3490, 5, 'K', '25', '0'),
	(3491, 5, 'K', '24', '0'),
	(3492, 5, 'K', '23', '0'),
	(3493, 5, 'K', '22', '0'),
	(3494, 5, 'K', '21', '0'),
	(3495, 5, 'K', '20', '0'),
	(3496, 5, 'K', '19', '0'),
	(3497, 5, 'K', '18', '0'),
	(3498, 5, 'K', '17', '0'),
	(3499, 5, 'K', '16', '0'),
	(3500, 5, 'K', '15', '0'),
	(3501, 5, 'K', '14', '0'),
	(3502, 5, 'K', '13', '0'),
	(3503, 5, 'K', '12', '0'),
	(3504, 5, 'K', '11', '0'),
	(3505, 5, 'K', '10', '0'),
	(3506, 5, 'K', '9', '0'),
	(3507, 5, 'K', '8', '0'),
	(3508, 5, 'K', '7', '0'),
	(3509, 5, 'K', '6', '0'),
	(3510, 5, 'K', '5', '0'),
	(3511, 5, 'K', '4', '0'),
	(3512, 5, 'K', '3', '0'),
	(3513, 5, 'K', '2', '0'),
	(3514, 5, 'K', '1', '0'),
	(3515, 5, 'J', '30', '0'),
	(3516, 5, 'J', '29', '0'),
	(3517, 5, 'J', '28', '0'),
	(3518, 5, 'J', '27', '0'),
	(3519, 5, 'J', '26', '0'),
	(3520, 5, 'J', '25', '0'),
	(3521, 5, 'J', '24', '0'),
	(3522, 5, 'J', '23', '0'),
	(3523, 5, 'J', '22', '0'),
	(3524, 5, 'J', '21', '0'),
	(3525, 5, 'J', '20', '0'),
	(3526, 5, 'J', '19', '0'),
	(3527, 5, 'J', '18', '0'),
	(3528, 5, 'J', '17', '0'),
	(3529, 5, 'J', '16', '0'),
	(3530, 5, 'J', '15', '0'),
	(3531, 5, 'J', '14', '0'),
	(3532, 5, 'J', '13', '0'),
	(3533, 5, 'J', '12', '0'),
	(3534, 5, 'J', '11', '0'),
	(3535, 5, 'J', '10', '0'),
	(3536, 5, 'J', '9', '0'),
	(3537, 5, 'J', '8', '0'),
	(3538, 5, 'J', '7', '0'),
	(3539, 5, 'J', '6', '0'),
	(3540, 5, 'J', '5', '0'),
	(3541, 5, 'J', '4', '0'),
	(3542, 5, 'J', '3', '0'),
	(3543, 5, 'J', '2', '0'),
	(3544, 5, 'J', '1', '0'),
	(3545, 5, 'I', '30', '0'),
	(3546, 5, 'I', '29', '0'),
	(3547, 5, 'I', '28', '0'),
	(3548, 5, 'I', '27', '0'),
	(3549, 5, 'I', '26', '0'),
	(3550, 5, 'I', '25', '0'),
	(3551, 5, 'I', '24', '0'),
	(3552, 5, 'I', '23', '0'),
	(3553, 5, 'I', '22', '0'),
	(3554, 5, 'I', '21', '0'),
	(3555, 5, 'I', '20', '0'),
	(3556, 5, 'I', '19', '0'),
	(3557, 5, 'I', '18', '0'),
	(3558, 5, 'I', '17', '0'),
	(3559, 5, 'I', '16', '0'),
	(3560, 5, 'I', '15', '0'),
	(3561, 5, 'I', '14', '0'),
	(3562, 5, 'I', '13', '0'),
	(3563, 5, 'I', '12', '0'),
	(3564, 5, 'I', '11', '0'),
	(3565, 5, 'I', '10', '0'),
	(3566, 5, 'I', '9', '0'),
	(3567, 5, 'I', '8', '0'),
	(3568, 5, 'I', '7', '0'),
	(3569, 5, 'I', '6', '0'),
	(3570, 5, 'I', '5', '0'),
	(3571, 5, 'I', '4', '0'),
	(3572, 5, 'I', '3', '0'),
	(3573, 5, 'I', '2', '0'),
	(3574, 5, 'I', '1', '0'),
	(3575, 5, 'H', '30', '0'),
	(3576, 5, 'H', '29', '0'),
	(3577, 5, 'H', '28', '0'),
	(3578, 5, 'H', '27', '0'),
	(3579, 5, 'H', '26', '0'),
	(3580, 5, 'H', '25', '0'),
	(3581, 5, 'H', '24', '0'),
	(3582, 5, 'H', '23', '0'),
	(3583, 5, 'H', '22', '0'),
	(3584, 5, 'H', '21', '0'),
	(3585, 5, 'H', '20', '0'),
	(3586, 5, 'H', '19', '0'),
	(3587, 5, 'H', '18', '0'),
	(3588, 5, 'H', '17', '0'),
	(3589, 5, 'H', '16', '0'),
	(3590, 5, 'H', '15', '0'),
	(3591, 5, 'H', '14', '0'),
	(3592, 5, 'H', '13', '0'),
	(3593, 5, 'H', '12', '0'),
	(3594, 5, 'H', '11', '0'),
	(3595, 5, 'H', '10', '0'),
	(3596, 5, 'H', '9', '0'),
	(3597, 5, 'H', '8', '0'),
	(3598, 5, 'H', '7', '0'),
	(3599, 5, 'H', '6', '0'),
	(3600, 5, 'H', '5', '0'),
	(3601, 5, 'H', '4', '0'),
	(3602, 5, 'H', '3', '0'),
	(3603, 5, 'H', '2', '0'),
	(3604, 5, 'H', '1', '0'),
	(3605, 5, 'G', '30', '0'),
	(3606, 5, 'G', '29', '0'),
	(3607, 5, 'G', '28', '0'),
	(3608, 5, 'G', '27', '0'),
	(3609, 5, 'G', '26', '0'),
	(3610, 5, 'G', '25', '0'),
	(3611, 5, 'G', '24', '0'),
	(3612, 5, 'G', '23', '0'),
	(3613, 5, 'G', '22', '0'),
	(3614, 5, 'G', '21', '0'),
	(3615, 5, 'G', '20', '0'),
	(3616, 5, 'G', '19', '0'),
	(3617, 5, 'G', '18', '0'),
	(3618, 5, 'G', '17', '0'),
	(3619, 5, 'G', '16', '0'),
	(3620, 5, 'G', '15', '0'),
	(3621, 5, 'G', '14', '0'),
	(3622, 5, 'G', '13', '0'),
	(3623, 5, 'G', '12', '0'),
	(3624, 5, 'G', '11', '0'),
	(3625, 5, 'G', '10', '0'),
	(3626, 5, 'G', '9', '0'),
	(3627, 5, 'G', '8', '0'),
	(3628, 5, 'G', '7', '0'),
	(3629, 5, 'G', '6', '0'),
	(3630, 5, 'G', '5', '0'),
	(3631, 5, 'G', '4', '0'),
	(3632, 5, 'G', '3', '0'),
	(3633, 5, 'G', '2', '0'),
	(3634, 5, 'G', '1', '0'),
	(3635, 5, 'F', '30', '0'),
	(3636, 5, 'F', '29', '0'),
	(3637, 5, 'F', '28', '0'),
	(3638, 5, 'F', '27', '0'),
	(3639, 5, 'F', '26', '0'),
	(3640, 5, 'F', '25', '0'),
	(3641, 5, 'F', '24', '0'),
	(3642, 5, 'F', '23', '0'),
	(3643, 5, 'F', '22', '0'),
	(3644, 5, 'F', '21', '0'),
	(3645, 5, 'F', '20', '0'),
	(3646, 5, 'F', '19', '0'),
	(3647, 5, 'F', '18', '0'),
	(3648, 5, 'F', '17', '0'),
	(3649, 5, 'F', '16', '0'),
	(3650, 5, 'F', '15', '0'),
	(3651, 5, 'F', '14', '0'),
	(3652, 5, 'F', '13', '0'),
	(3653, 5, 'F', '12', '0'),
	(3654, 5, 'F', '11', '0'),
	(3655, 5, 'F', '10', '0'),
	(3656, 5, 'F', '9', '0'),
	(3657, 5, 'F', '8', '0'),
	(3658, 5, 'F', '7', '0'),
	(3659, 5, 'F', '6', '0'),
	(3660, 5, 'F', '5', '0'),
	(3661, 5, 'F', '4', '0'),
	(3662, 5, 'F', '3', '0'),
	(3663, 5, 'F', '2', '0'),
	(3664, 5, 'F', '1', '0'),
	(3665, 5, 'E', '30', '0'),
	(3666, 5, 'E', '29', '0'),
	(3667, 5, 'E', '28', '0'),
	(3668, 5, 'E', '27', '0'),
	(3669, 5, 'E', '26', '0'),
	(3670, 5, 'E', '25', '0'),
	(3671, 5, 'E', '24', '0'),
	(3672, 5, 'E', '23', '0'),
	(3673, 5, 'E', '22', '0'),
	(3674, 5, 'E', '21', '0'),
	(3675, 5, 'E', '20', '0'),
	(3676, 5, 'E', '19', '0'),
	(3677, 5, 'E', '18', '0'),
	(3678, 5, 'E', '17', '0'),
	(3679, 5, 'E', '16', '0'),
	(3680, 5, 'E', '15', '0'),
	(3681, 5, 'E', '14', '0'),
	(3682, 5, 'E', '13', '0'),
	(3683, 5, 'E', '12', '0'),
	(3684, 5, 'E', '11', '0'),
	(3685, 5, 'E', '10', '0'),
	(3686, 5, 'E', '9', '0'),
	(3687, 5, 'E', '8', '0'),
	(3688, 5, 'E', '7', '0'),
	(3689, 5, 'E', '6', '0'),
	(3690, 5, 'E', '5', '0'),
	(3691, 5, 'E', '4', '0'),
	(3692, 5, 'E', '3', '0'),
	(3693, 5, 'E', '2', '0'),
	(3694, 5, 'E', '1', '0'),
	(3695, 5, 'D', '30', '0'),
	(3696, 5, 'D', '29', '0'),
	(3697, 5, 'D', '28', '0'),
	(3698, 5, 'D', '27', '0'),
	(3699, 5, 'D', '26', '0'),
	(3700, 5, 'D', '25', '0'),
	(3701, 5, 'D', '24', '0'),
	(3702, 5, 'D', '23', '0'),
	(3703, 5, 'D', '22', '0'),
	(3704, 5, 'D', '21', '0'),
	(3705, 5, 'D', '20', '0'),
	(3706, 5, 'D', '19', '0'),
	(3707, 5, 'D', '18', '0'),
	(3708, 5, 'D', '17', '0'),
	(3709, 5, 'D', '16', '0'),
	(3710, 5, 'D', '15', '0'),
	(3711, 5, 'D', '14', '0'),
	(3712, 5, 'D', '13', '0'),
	(3713, 5, 'D', '12', '0'),
	(3714, 5, 'D', '11', '0'),
	(3715, 5, 'D', '10', '0'),
	(3716, 5, 'D', '9', '0'),
	(3717, 5, 'D', '8', '0'),
	(3718, 5, 'D', '7', '0'),
	(3719, 5, 'D', '6', '0'),
	(3720, 5, 'D', '5', '0'),
	(3721, 5, 'D', '4', '0'),
	(3722, 5, 'D', '3', '0'),
	(3723, 5, 'D', '2', '0'),
	(3724, 5, 'D', '1', '0'),
	(3725, 5, 'C', '30', '0'),
	(3726, 5, 'C', '29', '0'),
	(3727, 5, 'C', '28', '0'),
	(3728, 5, 'C', '27', '0'),
	(3729, 5, 'C', '26', '0'),
	(3730, 5, 'C', '25', '0'),
	(3731, 5, 'C', '24', '0'),
	(3732, 5, 'C', '23', '0'),
	(3733, 5, 'C', '22', '0'),
	(3734, 5, 'C', '21', '0'),
	(3735, 5, 'C', '20', '0'),
	(3736, 5, 'C', '19', '0'),
	(3737, 5, 'C', '18', '0'),
	(3738, 5, 'C', '17', '0'),
	(3739, 5, 'C', '16', '0'),
	(3740, 5, 'C', '15', '0'),
	(3741, 5, 'C', '14', '0'),
	(3742, 5, 'C', '13', '0'),
	(3743, 5, 'C', '12', '0'),
	(3744, 5, 'C', '11', '0'),
	(3745, 5, 'C', '10', '0'),
	(3746, 5, 'C', '9', '0'),
	(3747, 5, 'C', '8', '0'),
	(3748, 5, 'C', '7', '0'),
	(3749, 5, 'C', '6', '0'),
	(3750, 5, 'C', '5', '0'),
	(3751, 5, 'C', '4', '0'),
	(3752, 5, 'C', '3', '0'),
	(3753, 5, 'C', '2', '0'),
	(3754, 5, 'C', '1', '0'),
	(3755, 5, 'B', '30', '0'),
	(3756, 5, 'B', '29', '0'),
	(3757, 5, 'B', '28', '0'),
	(3758, 5, 'B', '27', '0'),
	(3759, 5, 'B', '26', '0'),
	(3760, 5, 'B', '25', '0'),
	(3761, 5, 'B', '24', '0'),
	(3762, 5, 'B', '23', '0'),
	(3763, 5, 'B', '22', '0'),
	(3764, 5, 'B', '21', '0'),
	(3765, 5, 'B', '20', '0'),
	(3766, 5, 'B', '19', '0'),
	(3767, 5, 'B', '18', '0'),
	(3768, 5, 'B', '17', '0'),
	(3769, 5, 'B', '16', '0'),
	(3770, 5, 'B', '15', '0'),
	(3771, 5, 'B', '14', '0'),
	(3772, 5, 'B', '13', '0'),
	(3773, 5, 'B', '12', '0'),
	(3774, 5, 'B', '11', '0'),
	(3775, 5, 'B', '10', '0'),
	(3776, 5, 'B', '9', '0'),
	(3777, 5, 'B', '8', '0'),
	(3778, 5, 'B', '7', '0'),
	(3779, 5, 'B', '6', '0'),
	(3780, 5, 'B', '5', '0'),
	(3781, 5, 'B', '4', '0'),
	(3782, 5, 'B', '3', '0'),
	(3783, 5, 'B', '2', '0'),
	(3784, 5, 'B', '1', '0'),
	(3785, 6, 'O', '30', '0'),
	(3786, 6, 'O', '29', '0'),
	(3787, 6, 'O', '28', '0'),
	(3788, 6, 'O', '27', '0'),
	(3789, 6, 'O', '26', '0'),
	(3790, 6, 'O', '25', '0'),
	(3791, 6, 'O', '24', '0'),
	(3792, 6, 'O', '23', '0'),
	(3793, 6, 'O', '22', '0'),
	(3794, 6, 'O', '21', '0'),
	(3795, 6, 'O', '20', '0'),
	(3796, 6, 'O', '19', '0'),
	(3797, 6, 'O', '18', '0'),
	(3798, 6, 'O', '17', '0'),
	(3799, 6, 'O', '16', '1'),
	(3800, 6, 'O', '15', '0'),
	(3801, 6, 'O', '14', '0'),
	(3802, 6, 'O', '13', '0'),
	(3803, 6, 'O', '12', '0'),
	(3804, 6, 'O', '11', '0'),
	(3805, 6, 'O', '10', '0'),
	(3806, 6, 'O', '9', '0'),
	(3807, 6, 'O', '8', '0'),
	(3808, 6, 'O', '7', '0'),
	(3809, 6, 'O', '6', '0'),
	(3810, 6, 'O', '5', '0'),
	(3811, 6, 'O', '4', '0'),
	(3812, 6, 'O', '3', '0'),
	(3813, 6, 'O', '2', '0'),
	(3814, 6, 'O', '1', '0'),
	(3815, 6, 'N', '30', '0'),
	(3816, 6, 'N', '29', '0'),
	(3817, 6, 'N', '28', '0'),
	(3818, 6, 'N', '27', '0'),
	(3819, 6, 'N', '26', '0'),
	(3820, 6, 'N', '25', '0'),
	(3821, 6, 'N', '24', '0'),
	(3822, 6, 'N', '23', '0'),
	(3823, 6, 'N', '22', '0'),
	(3824, 6, 'N', '21', '0'),
	(3825, 6, 'N', '20', '0'),
	(3826, 6, 'N', '19', '0'),
	(3827, 6, 'N', '18', '0'),
	(3828, 6, 'N', '17', '1'),
	(3829, 6, 'N', '16', '0'),
	(3830, 6, 'N', '15', '0'),
	(3831, 6, 'N', '14', '0'),
	(3832, 6, 'N', '13', '0'),
	(3833, 6, 'N', '12', '0'),
	(3834, 6, 'N', '11', '0'),
	(3835, 6, 'N', '10', '0'),
	(3836, 6, 'N', '9', '0'),
	(3837, 6, 'N', '8', '0'),
	(3838, 6, 'N', '7', '0'),
	(3839, 6, 'N', '6', '0'),
	(3840, 6, 'N', '5', '0'),
	(3841, 6, 'N', '4', '0'),
	(3842, 6, 'N', '3', '0'),
	(3843, 6, 'N', '2', '0'),
	(3844, 6, 'N', '1', '0'),
	(3845, 6, 'M', '30', '0'),
	(3846, 6, 'M', '29', '0'),
	(3847, 6, 'M', '28', '0'),
	(3848, 6, 'M', '27', '0'),
	(3849, 6, 'M', '26', '0'),
	(3850, 6, 'M', '25', '0'),
	(3851, 6, 'M', '24', '0'),
	(3852, 6, 'M', '23', '0'),
	(3853, 6, 'M', '22', '0'),
	(3854, 6, 'M', '21', '0'),
	(3855, 6, 'M', '20', '0'),
	(3856, 6, 'M', '19', '0'),
	(3857, 6, 'M', '18', '1'),
	(3858, 6, 'M', '17', '0'),
	(3859, 6, 'M', '16', '0'),
	(3860, 6, 'M', '15', '0'),
	(3861, 6, 'M', '14', '0'),
	(3862, 6, 'M', '13', '0'),
	(3863, 6, 'M', '12', '0'),
	(3864, 6, 'M', '11', '0'),
	(3865, 6, 'M', '10', '0'),
	(3866, 6, 'M', '9', '0'),
	(3867, 6, 'M', '8', '0'),
	(3868, 6, 'M', '7', '0'),
	(3869, 6, 'M', '6', '0'),
	(3870, 6, 'M', '5', '0'),
	(3871, 6, 'M', '4', '0'),
	(3872, 6, 'M', '3', '0'),
	(3873, 6, 'M', '2', '0'),
	(3874, 6, 'M', '1', '0'),
	(3875, 6, 'L', '30', '0'),
	(3876, 6, 'L', '29', '0'),
	(3877, 6, 'L', '28', '0'),
	(3878, 6, 'L', '27', '0'),
	(3879, 6, 'L', '26', '0'),
	(3880, 6, 'L', '25', '0'),
	(3881, 6, 'L', '24', '0'),
	(3882, 6, 'L', '23', '0'),
	(3883, 6, 'L', '22', '0'),
	(3884, 6, 'L', '21', '0'),
	(3885, 6, 'L', '20', '0'),
	(3886, 6, 'L', '19', '1'),
	(3887, 6, 'L', '18', '0'),
	(3888, 6, 'L', '17', '0'),
	(3889, 6, 'L', '16', '0'),
	(3890, 6, 'L', '15', '0'),
	(3891, 6, 'L', '14', '0'),
	(3892, 6, 'L', '13', '0'),
	(3893, 6, 'L', '12', '0'),
	(3894, 6, 'L', '11', '0'),
	(3895, 6, 'L', '10', '0'),
	(3896, 6, 'L', '9', '0'),
	(3897, 6, 'L', '8', '0'),
	(3898, 6, 'L', '7', '0'),
	(3899, 6, 'L', '6', '0'),
	(3900, 6, 'L', '5', '0'),
	(3901, 6, 'L', '4', '0'),
	(3902, 6, 'L', '3', '0'),
	(3903, 6, 'L', '2', '0'),
	(3904, 6, 'L', '1', '0'),
	(3905, 6, 'K', '30', '0'),
	(3906, 6, 'K', '29', '0'),
	(3907, 6, 'K', '28', '0'),
	(3908, 6, 'K', '27', '0'),
	(3909, 6, 'K', '26', '0'),
	(3910, 6, 'K', '25', '0'),
	(3911, 6, 'K', '24', '0'),
	(3912, 6, 'K', '23', '0'),
	(3913, 6, 'K', '22', '0'),
	(3914, 6, 'K', '21', '0'),
	(3915, 6, 'K', '20', '0'),
	(3916, 6, 'K', '19', '0'),
	(3917, 6, 'K', '18', '0'),
	(3918, 6, 'K', '17', '0'),
	(3919, 6, 'K', '16', '0'),
	(3920, 6, 'K', '15', '0'),
	(3921, 6, 'K', '14', '0'),
	(3922, 6, 'K', '13', '0'),
	(3923, 6, 'K', '12', '0'),
	(3924, 6, 'K', '11', '0'),
	(3925, 6, 'K', '10', '0'),
	(3926, 6, 'K', '9', '0'),
	(3927, 6, 'K', '8', '0'),
	(3928, 6, 'K', '7', '0'),
	(3929, 6, 'K', '6', '0'),
	(3930, 6, 'K', '5', '0'),
	(3931, 6, 'K', '4', '0'),
	(3932, 6, 'K', '3', '0'),
	(3933, 6, 'K', '2', '0'),
	(3934, 6, 'K', '1', '0'),
	(3935, 6, 'J', '30', '0'),
	(3936, 6, 'J', '29', '0'),
	(3937, 6, 'J', '28', '0'),
	(3938, 6, 'J', '27', '0'),
	(3939, 6, 'J', '26', '0'),
	(3940, 6, 'J', '25', '0'),
	(3941, 6, 'J', '24', '0'),
	(3942, 6, 'J', '23', '0'),
	(3943, 6, 'J', '22', '0'),
	(3944, 6, 'J', '21', '0'),
	(3945, 6, 'J', '20', '0'),
	(3946, 6, 'J', '19', '0'),
	(3947, 6, 'J', '18', '0'),
	(3948, 6, 'J', '17', '0'),
	(3949, 6, 'J', '16', '0'),
	(3950, 6, 'J', '15', '0'),
	(3951, 6, 'J', '14', '0'),
	(3952, 6, 'J', '13', '0'),
	(3953, 6, 'J', '12', '0'),
	(3954, 6, 'J', '11', '0'),
	(3955, 6, 'J', '10', '0'),
	(3956, 6, 'J', '9', '0'),
	(3957, 6, 'J', '8', '0'),
	(3958, 6, 'J', '7', '0'),
	(3959, 6, 'J', '6', '0'),
	(3960, 6, 'J', '5', '0'),
	(3961, 6, 'J', '4', '0'),
	(3962, 6, 'J', '3', '0'),
	(3963, 6, 'J', '2', '0'),
	(3964, 6, 'J', '1', '0'),
	(3965, 6, 'I', '30', '0'),
	(3966, 6, 'I', '29', '0'),
	(3967, 6, 'I', '28', '0'),
	(3968, 6, 'I', '27', '0'),
	(3969, 6, 'I', '26', '0'),
	(3970, 6, 'I', '25', '0'),
	(3971, 6, 'I', '24', '0'),
	(3972, 6, 'I', '23', '0'),
	(3973, 6, 'I', '22', '0'),
	(3974, 6, 'I', '21', '0'),
	(3975, 6, 'I', '20', '0'),
	(3976, 6, 'I', '19', '0'),
	(3977, 6, 'I', '18', '0'),
	(3978, 6, 'I', '17', '0'),
	(3979, 6, 'I', '16', '0'),
	(3980, 6, 'I', '15', '0'),
	(3981, 6, 'I', '14', '0'),
	(3982, 6, 'I', '13', '0'),
	(3983, 6, 'I', '12', '0'),
	(3984, 6, 'I', '11', '0'),
	(3985, 6, 'I', '10', '0'),
	(3986, 6, 'I', '9', '0'),
	(3987, 6, 'I', '8', '0'),
	(3988, 6, 'I', '7', '0'),
	(3989, 6, 'I', '6', '0'),
	(3990, 6, 'I', '5', '0'),
	(3991, 6, 'I', '4', '0'),
	(3992, 6, 'I', '3', '0'),
	(3993, 6, 'I', '2', '0'),
	(3994, 6, 'I', '1', '0'),
	(3995, 6, 'H', '30', '0'),
	(3996, 6, 'H', '29', '0'),
	(3997, 6, 'H', '28', '0'),
	(3998, 6, 'H', '27', '0'),
	(3999, 6, 'H', '26', '0'),
	(4000, 6, 'H', '25', '0'),
	(4001, 6, 'H', '24', '0'),
	(4002, 6, 'H', '23', '0'),
	(4003, 6, 'H', '22', '0'),
	(4004, 6, 'H', '21', '0'),
	(4005, 6, 'H', '20', '0'),
	(4006, 6, 'H', '19', '0'),
	(4007, 6, 'H', '18', '0'),
	(4008, 6, 'H', '17', '0'),
	(4009, 6, 'H', '16', '0'),
	(4010, 6, 'H', '15', '0'),
	(4011, 6, 'H', '14', '0'),
	(4012, 6, 'H', '13', '0'),
	(4013, 6, 'H', '12', '0'),
	(4014, 6, 'H', '11', '0'),
	(4015, 6, 'H', '10', '0'),
	(4016, 6, 'H', '9', '0'),
	(4017, 6, 'H', '8', '0'),
	(4018, 6, 'H', '7', '0'),
	(4019, 6, 'H', '6', '0'),
	(4020, 6, 'H', '5', '0'),
	(4021, 6, 'H', '4', '0'),
	(4022, 6, 'H', '3', '0'),
	(4023, 6, 'H', '2', '0'),
	(4024, 6, 'H', '1', '0'),
	(4025, 6, 'G', '30', '0'),
	(4026, 6, 'G', '29', '0'),
	(4027, 6, 'G', '28', '0'),
	(4028, 6, 'G', '27', '0'),
	(4029, 6, 'G', '26', '0'),
	(4030, 6, 'G', '25', '0'),
	(4031, 6, 'G', '24', '0'),
	(4032, 6, 'G', '23', '0'),
	(4033, 6, 'G', '22', '0'),
	(4034, 6, 'G', '21', '0'),
	(4035, 6, 'G', '20', '0'),
	(4036, 6, 'G', '19', '0'),
	(4037, 6, 'G', '18', '0'),
	(4038, 6, 'G', '17', '0'),
	(4039, 6, 'G', '16', '0'),
	(4040, 6, 'G', '15', '0'),
	(4041, 6, 'G', '14', '0'),
	(4042, 6, 'G', '13', '0'),
	(4043, 6, 'G', '12', '0'),
	(4044, 6, 'G', '11', '0'),
	(4045, 6, 'G', '10', '0'),
	(4046, 6, 'G', '9', '0'),
	(4047, 6, 'G', '8', '0'),
	(4048, 6, 'G', '7', '0'),
	(4049, 6, 'G', '6', '0'),
	(4050, 6, 'G', '5', '0'),
	(4051, 6, 'G', '4', '0'),
	(4052, 6, 'G', '3', '0'),
	(4053, 6, 'G', '2', '0'),
	(4054, 6, 'G', '1', '0'),
	(4055, 6, 'F', '30', '0'),
	(4056, 6, 'F', '29', '0'),
	(4057, 6, 'F', '28', '0'),
	(4058, 6, 'F', '27', '0'),
	(4059, 6, 'F', '26', '0'),
	(4060, 6, 'F', '25', '0'),
	(4061, 6, 'F', '24', '0'),
	(4062, 6, 'F', '23', '0'),
	(4063, 6, 'F', '22', '0'),
	(4064, 6, 'F', '21', '0'),
	(4065, 6, 'F', '20', '0'),
	(4066, 6, 'F', '19', '0'),
	(4067, 6, 'F', '18', '0'),
	(4068, 6, 'F', '17', '0'),
	(4069, 6, 'F', '16', '0'),
	(4070, 6, 'F', '15', '0'),
	(4071, 6, 'F', '14', '0'),
	(4072, 6, 'F', '13', '0'),
	(4073, 6, 'F', '12', '0'),
	(4074, 6, 'F', '11', '0'),
	(4075, 6, 'F', '10', '0'),
	(4076, 6, 'F', '9', '0'),
	(4077, 6, 'F', '8', '0'),
	(4078, 6, 'F', '7', '0'),
	(4079, 6, 'F', '6', '0'),
	(4080, 6, 'F', '5', '0'),
	(4081, 6, 'F', '4', '0'),
	(4082, 6, 'F', '3', '0'),
	(4083, 6, 'F', '2', '0'),
	(4084, 6, 'F', '1', '0'),
	(4085, 6, 'E', '30', '0'),
	(4086, 6, 'E', '29', '0'),
	(4087, 6, 'E', '28', '0'),
	(4088, 6, 'E', '27', '0'),
	(4089, 6, 'E', '26', '0'),
	(4090, 6, 'E', '25', '0'),
	(4091, 6, 'E', '24', '0'),
	(4092, 6, 'E', '23', '0'),
	(4093, 6, 'E', '22', '0'),
	(4094, 6, 'E', '21', '0'),
	(4095, 6, 'E', '20', '0'),
	(4096, 6, 'E', '19', '0'),
	(4097, 6, 'E', '18', '0'),
	(4098, 6, 'E', '17', '0'),
	(4099, 6, 'E', '16', '0'),
	(4100, 6, 'E', '15', '0'),
	(4101, 6, 'E', '14', '0'),
	(4102, 6, 'E', '13', '0'),
	(4103, 6, 'E', '12', '0'),
	(4104, 6, 'E', '11', '0'),
	(4105, 6, 'E', '10', '0'),
	(4106, 6, 'E', '9', '0'),
	(4107, 6, 'E', '8', '0'),
	(4108, 6, 'E', '7', '0'),
	(4109, 6, 'E', '6', '0'),
	(4110, 6, 'E', '5', '0'),
	(4111, 6, 'E', '4', '0'),
	(4112, 6, 'E', '3', '0'),
	(4113, 6, 'E', '2', '0'),
	(4114, 6, 'E', '1', '0'),
	(4115, 6, 'D', '30', '0'),
	(4116, 6, 'D', '29', '0'),
	(4117, 6, 'D', '28', '0'),
	(4118, 6, 'D', '27', '0'),
	(4119, 6, 'D', '26', '0'),
	(4120, 6, 'D', '25', '0'),
	(4121, 6, 'D', '24', '0'),
	(4122, 6, 'D', '23', '0'),
	(4123, 6, 'D', '22', '0'),
	(4124, 6, 'D', '21', '0'),
	(4125, 6, 'D', '20', '0'),
	(4126, 6, 'D', '19', '0'),
	(4127, 6, 'D', '18', '0'),
	(4128, 6, 'D', '17', '0'),
	(4129, 6, 'D', '16', '0'),
	(4130, 6, 'D', '15', '0'),
	(4131, 6, 'D', '14', '0'),
	(4132, 6, 'D', '13', '0'),
	(4133, 6, 'D', '12', '0'),
	(4134, 6, 'D', '11', '0'),
	(4135, 6, 'D', '10', '0'),
	(4136, 6, 'D', '9', '0'),
	(4137, 6, 'D', '8', '0'),
	(4138, 6, 'D', '7', '0'),
	(4139, 6, 'D', '6', '0'),
	(4140, 6, 'D', '5', '0'),
	(4141, 6, 'D', '4', '0'),
	(4142, 6, 'D', '3', '0'),
	(4143, 6, 'D', '2', '0'),
	(4144, 6, 'D', '1', '0'),
	(4145, 6, 'C', '30', '0'),
	(4146, 6, 'C', '29', '0'),
	(4147, 6, 'C', '28', '0'),
	(4148, 6, 'C', '27', '0'),
	(4149, 6, 'C', '26', '0'),
	(4150, 6, 'C', '25', '0'),
	(4151, 6, 'C', '24', '0'),
	(4152, 6, 'C', '23', '0'),
	(4153, 6, 'C', '22', '0'),
	(4154, 6, 'C', '21', '0'),
	(4155, 6, 'C', '20', '0'),
	(4156, 6, 'C', '19', '0'),
	(4157, 6, 'C', '18', '0'),
	(4158, 6, 'C', '17', '0'),
	(4159, 6, 'C', '16', '0'),
	(4160, 6, 'C', '15', '0'),
	(4161, 6, 'C', '14', '0'),
	(4162, 6, 'C', '13', '0'),
	(4163, 6, 'C', '12', '0'),
	(4164, 6, 'C', '11', '0'),
	(4165, 6, 'C', '10', '0'),
	(4166, 6, 'C', '9', '0'),
	(4167, 6, 'C', '8', '0'),
	(4168, 6, 'C', '7', '0'),
	(4169, 6, 'C', '6', '0'),
	(4170, 6, 'C', '5', '0'),
	(4171, 6, 'C', '4', '0'),
	(4172, 6, 'C', '3', '0'),
	(4173, 6, 'C', '2', '0'),
	(4174, 6, 'C', '1', '0'),
	(4175, 6, 'B', '30', '0'),
	(4176, 6, 'B', '29', '0'),
	(4177, 6, 'B', '28', '0'),
	(4178, 6, 'B', '27', '0'),
	(4179, 6, 'B', '26', '0'),
	(4180, 6, 'B', '25', '0'),
	(4181, 6, 'B', '24', '0'),
	(4182, 6, 'B', '23', '0'),
	(4183, 6, 'B', '22', '0'),
	(4184, 6, 'B', '21', '0'),
	(4185, 6, 'B', '20', '0'),
	(4186, 6, 'B', '19', '0'),
	(4187, 6, 'B', '18', '0'),
	(4188, 6, 'B', '17', '0'),
	(4189, 6, 'B', '16', '0'),
	(4190, 6, 'B', '15', '0'),
	(4191, 6, 'B', '14', '0'),
	(4192, 6, 'B', '13', '0'),
	(4193, 6, 'B', '12', '0'),
	(4194, 6, 'B', '11', '0'),
	(4195, 6, 'B', '10', '0'),
	(4196, 6, 'B', '9', '0'),
	(4197, 6, 'B', '8', '0'),
	(4198, 6, 'B', '7', '0'),
	(4199, 6, 'B', '6', '0'),
	(4200, 6, 'B', '5', '0'),
	(4201, 6, 'B', '4', '0'),
	(4202, 6, 'B', '3', '0'),
	(4203, 6, 'B', '2', '0'),
	(4204, 6, 'B', '1', '0'),
	(4205, 6, 'O', '30', '0'),
	(4206, 6, 'O', '29', '0'),
	(4207, 6, 'O', '28', '0'),
	(4208, 6, 'O', '27', '0'),
	(4209, 6, 'O', '26', '0'),
	(4210, 6, 'O', '25', '0'),
	(4211, 6, 'O', '24', '0'),
	(4212, 6, 'O', '23', '0'),
	(4213, 6, 'O', '22', '0'),
	(4214, 6, 'O', '21', '0'),
	(4215, 6, 'O', '20', '0'),
	(4216, 6, 'O', '19', '0'),
	(4217, 6, 'O', '18', '0'),
	(4218, 6, 'O', '17', '0'),
	(4219, 6, 'O', '16', '1'),
	(4220, 6, 'O', '15', '0'),
	(4221, 6, 'O', '14', '0'),
	(4222, 6, 'O', '13', '0'),
	(4223, 6, 'O', '12', '0'),
	(4224, 6, 'O', '11', '0'),
	(4225, 6, 'O', '10', '0'),
	(4226, 6, 'O', '9', '0'),
	(4227, 6, 'O', '8', '0'),
	(4228, 6, 'O', '7', '0'),
	(4229, 6, 'O', '6', '0'),
	(4230, 6, 'O', '5', '0'),
	(4231, 6, 'O', '4', '0'),
	(4232, 6, 'O', '3', '0'),
	(4233, 6, 'O', '2', '0'),
	(4234, 6, 'O', '1', '0'),
	(4235, 6, 'N', '30', '0'),
	(4236, 6, 'N', '29', '0'),
	(4237, 6, 'N', '28', '0'),
	(4238, 6, 'N', '27', '0'),
	(4239, 6, 'N', '26', '0'),
	(4240, 6, 'N', '25', '0'),
	(4241, 6, 'N', '24', '0'),
	(4242, 6, 'N', '23', '0'),
	(4243, 6, 'N', '22', '0'),
	(4244, 6, 'N', '21', '0'),
	(4245, 6, 'N', '20', '0'),
	(4246, 6, 'N', '19', '0'),
	(4247, 6, 'N', '18', '0'),
	(4248, 6, 'N', '17', '1'),
	(4249, 6, 'N', '16', '0'),
	(4250, 6, 'N', '15', '0'),
	(4251, 6, 'N', '14', '0'),
	(4252, 6, 'N', '13', '0'),
	(4253, 6, 'N', '12', '0'),
	(4254, 6, 'N', '11', '0'),
	(4255, 6, 'N', '10', '0'),
	(4256, 6, 'N', '9', '0'),
	(4257, 6, 'N', '8', '0'),
	(4258, 6, 'N', '7', '0'),
	(4259, 6, 'N', '6', '0'),
	(4260, 6, 'N', '5', '0'),
	(4261, 6, 'N', '4', '0'),
	(4262, 6, 'N', '3', '0'),
	(4263, 6, 'N', '2', '0'),
	(4264, 6, 'N', '1', '0'),
	(4265, 6, 'M', '30', '0'),
	(4266, 6, 'M', '29', '0'),
	(4267, 6, 'M', '28', '0'),
	(4268, 6, 'M', '27', '0'),
	(4269, 6, 'M', '26', '0'),
	(4270, 6, 'M', '25', '0'),
	(4271, 6, 'M', '24', '0'),
	(4272, 6, 'M', '23', '0'),
	(4273, 6, 'M', '22', '0'),
	(4274, 6, 'M', '21', '0'),
	(4275, 6, 'M', '20', '0'),
	(4276, 6, 'M', '19', '0'),
	(4277, 6, 'M', '18', '1'),
	(4278, 6, 'M', '17', '0'),
	(4279, 6, 'M', '16', '0'),
	(4280, 6, 'M', '15', '0'),
	(4281, 6, 'M', '14', '0'),
	(4282, 6, 'M', '13', '0'),
	(4283, 6, 'M', '12', '0'),
	(4284, 6, 'M', '11', '0'),
	(4285, 6, 'M', '10', '0'),
	(4286, 6, 'M', '9', '0'),
	(4287, 6, 'M', '8', '0'),
	(4288, 6, 'M', '7', '0'),
	(4289, 6, 'M', '6', '0'),
	(4290, 6, 'M', '5', '0'),
	(4291, 6, 'M', '4', '0'),
	(4292, 6, 'M', '3', '0'),
	(4293, 6, 'M', '2', '0'),
	(4294, 6, 'M', '1', '0'),
	(4295, 6, 'L', '30', '0'),
	(4296, 6, 'L', '29', '0'),
	(4297, 6, 'L', '28', '0'),
	(4298, 6, 'L', '27', '0'),
	(4299, 6, 'L', '26', '0'),
	(4300, 6, 'L', '25', '0'),
	(4301, 6, 'L', '24', '0'),
	(4302, 6, 'L', '23', '0'),
	(4303, 6, 'L', '22', '0'),
	(4304, 6, 'L', '21', '0'),
	(4305, 6, 'L', '20', '0'),
	(4306, 6, 'L', '19', '1'),
	(4307, 6, 'L', '18', '0'),
	(4308, 6, 'L', '17', '0'),
	(4309, 6, 'L', '16', '0'),
	(4310, 6, 'L', '15', '0'),
	(4311, 6, 'L', '14', '0'),
	(4312, 6, 'L', '13', '0'),
	(4313, 6, 'L', '12', '0'),
	(4314, 6, 'L', '11', '0'),
	(4315, 6, 'L', '10', '0'),
	(4316, 6, 'L', '9', '0'),
	(4317, 6, 'L', '8', '0'),
	(4318, 6, 'L', '7', '0'),
	(4319, 6, 'L', '6', '0'),
	(4320, 6, 'L', '5', '0'),
	(4321, 6, 'L', '4', '0'),
	(4322, 6, 'L', '3', '0'),
	(4323, 6, 'L', '2', '0'),
	(4324, 6, 'L', '1', '0'),
	(4325, 6, 'K', '30', '0'),
	(4326, 6, 'K', '29', '0'),
	(4327, 6, 'K', '28', '0'),
	(4328, 6, 'K', '27', '0'),
	(4329, 6, 'K', '26', '0'),
	(4330, 6, 'K', '25', '0'),
	(4331, 6, 'K', '24', '0'),
	(4332, 6, 'K', '23', '0'),
	(4333, 6, 'K', '22', '0'),
	(4334, 6, 'K', '21', '0'),
	(4335, 6, 'K', '20', '0'),
	(4336, 6, 'K', '19', '0'),
	(4337, 6, 'K', '18', '0'),
	(4338, 6, 'K', '17', '0'),
	(4339, 6, 'K', '16', '0'),
	(4340, 6, 'K', '15', '0'),
	(4341, 6, 'K', '14', '0'),
	(4342, 6, 'K', '13', '0'),
	(4343, 6, 'K', '12', '0'),
	(4344, 6, 'K', '11', '0'),
	(4345, 6, 'K', '10', '0'),
	(4346, 6, 'K', '9', '0'),
	(4347, 6, 'K', '8', '0'),
	(4348, 6, 'K', '7', '0'),
	(4349, 6, 'K', '6', '0'),
	(4350, 6, 'K', '5', '0'),
	(4351, 6, 'K', '4', '0'),
	(4352, 6, 'K', '3', '0'),
	(4353, 6, 'K', '2', '0'),
	(4354, 6, 'K', '1', '0'),
	(4355, 6, 'J', '30', '0'),
	(4356, 6, 'J', '29', '0'),
	(4357, 6, 'J', '28', '0'),
	(4358, 6, 'J', '27', '0'),
	(4359, 6, 'J', '26', '0'),
	(4360, 6, 'J', '25', '0'),
	(4361, 6, 'J', '24', '0'),
	(4362, 6, 'J', '23', '0'),
	(4363, 6, 'J', '22', '0'),
	(4364, 6, 'J', '21', '0'),
	(4365, 6, 'J', '20', '0'),
	(4366, 6, 'J', '19', '0'),
	(4367, 6, 'J', '18', '0'),
	(4368, 6, 'J', '17', '0'),
	(4369, 6, 'J', '16', '0'),
	(4370, 6, 'J', '15', '0'),
	(4371, 6, 'J', '14', '0'),
	(4372, 6, 'J', '13', '0'),
	(4373, 6, 'J', '12', '0'),
	(4374, 6, 'J', '11', '0'),
	(4375, 6, 'J', '10', '0'),
	(4376, 6, 'J', '9', '0'),
	(4377, 6, 'J', '8', '0'),
	(4378, 6, 'J', '7', '0'),
	(4379, 6, 'J', '6', '0'),
	(4380, 6, 'J', '5', '0'),
	(4381, 6, 'J', '4', '0'),
	(4382, 6, 'J', '3', '0'),
	(4383, 6, 'J', '2', '0'),
	(4384, 6, 'J', '1', '0'),
	(4385, 6, 'I', '30', '0'),
	(4386, 6, 'I', '29', '0'),
	(4387, 6, 'I', '28', '0'),
	(4388, 6, 'I', '27', '0'),
	(4389, 6, 'I', '26', '0'),
	(4390, 6, 'I', '25', '0'),
	(4391, 6, 'I', '24', '0'),
	(4392, 6, 'I', '23', '0'),
	(4393, 6, 'I', '22', '0'),
	(4394, 6, 'I', '21', '0'),
	(4395, 6, 'I', '20', '0'),
	(4396, 6, 'I', '19', '0'),
	(4397, 6, 'I', '18', '0'),
	(4398, 6, 'I', '17', '0'),
	(4399, 6, 'I', '16', '0'),
	(4400, 6, 'I', '15', '0'),
	(4401, 6, 'I', '14', '0'),
	(4402, 6, 'I', '13', '0'),
	(4403, 6, 'I', '12', '0'),
	(4404, 6, 'I', '11', '0'),
	(4405, 6, 'I', '10', '0'),
	(4406, 6, 'I', '9', '0'),
	(4407, 6, 'I', '8', '0'),
	(4408, 6, 'I', '7', '0'),
	(4409, 6, 'I', '6', '0'),
	(4410, 6, 'I', '5', '0'),
	(4411, 6, 'I', '4', '0'),
	(4412, 6, 'I', '3', '0'),
	(4413, 6, 'I', '2', '0'),
	(4414, 6, 'I', '1', '0'),
	(4415, 6, 'H', '30', '0'),
	(4416, 6, 'H', '29', '0'),
	(4417, 6, 'H', '28', '0'),
	(4418, 6, 'H', '27', '0'),
	(4419, 6, 'H', '26', '0'),
	(4420, 6, 'H', '25', '0'),
	(4421, 6, 'H', '24', '0'),
	(4422, 6, 'H', '23', '0'),
	(4423, 6, 'H', '22', '0'),
	(4424, 6, 'H', '21', '0'),
	(4425, 6, 'H', '20', '0'),
	(4426, 6, 'H', '19', '0'),
	(4427, 6, 'H', '18', '0'),
	(4428, 6, 'H', '17', '0'),
	(4429, 6, 'H', '16', '0'),
	(4430, 6, 'H', '15', '0'),
	(4431, 6, 'H', '14', '0'),
	(4432, 6, 'H', '13', '0'),
	(4433, 6, 'H', '12', '0'),
	(4434, 6, 'H', '11', '0'),
	(4435, 6, 'H', '10', '0'),
	(4436, 6, 'H', '9', '0'),
	(4437, 6, 'H', '8', '0'),
	(4438, 6, 'H', '7', '0'),
	(4439, 6, 'H', '6', '0'),
	(4440, 6, 'H', '5', '0'),
	(4441, 6, 'H', '4', '0'),
	(4442, 6, 'H', '3', '0'),
	(4443, 6, 'H', '2', '0'),
	(4444, 6, 'H', '1', '0'),
	(4445, 6, 'G', '30', '0'),
	(4446, 6, 'G', '29', '0'),
	(4447, 6, 'G', '28', '0'),
	(4448, 6, 'G', '27', '0'),
	(4449, 6, 'G', '26', '0'),
	(4450, 6, 'G', '25', '0'),
	(4451, 6, 'G', '24', '0'),
	(4452, 6, 'G', '23', '0'),
	(4453, 6, 'G', '22', '0'),
	(4454, 6, 'G', '21', '0'),
	(4455, 6, 'G', '20', '0'),
	(4456, 6, 'G', '19', '0'),
	(4457, 6, 'G', '18', '0'),
	(4458, 6, 'G', '17', '0'),
	(4459, 6, 'G', '16', '0'),
	(4460, 6, 'G', '15', '0'),
	(4461, 6, 'G', '14', '0'),
	(4462, 6, 'G', '13', '0'),
	(4463, 6, 'G', '12', '0'),
	(4464, 6, 'G', '11', '0'),
	(4465, 6, 'G', '10', '0'),
	(4466, 6, 'G', '9', '0'),
	(4467, 6, 'G', '8', '0'),
	(4468, 6, 'G', '7', '0'),
	(4469, 6, 'G', '6', '0'),
	(4470, 6, 'G', '5', '0'),
	(4471, 6, 'G', '4', '0'),
	(4472, 6, 'G', '3', '0'),
	(4473, 6, 'G', '2', '0'),
	(4474, 6, 'G', '1', '0'),
	(4475, 6, 'F', '30', '0'),
	(4476, 6, 'F', '29', '0'),
	(4477, 6, 'F', '28', '0'),
	(4478, 6, 'F', '27', '0'),
	(4479, 6, 'F', '26', '0'),
	(4480, 6, 'F', '25', '0'),
	(4481, 6, 'F', '24', '0'),
	(4482, 6, 'F', '23', '0'),
	(4483, 6, 'F', '22', '0'),
	(4484, 6, 'F', '21', '0'),
	(4485, 6, 'F', '20', '0'),
	(4486, 6, 'F', '19', '0'),
	(4487, 6, 'F', '18', '0'),
	(4488, 6, 'F', '17', '0'),
	(4489, 6, 'F', '16', '0'),
	(4490, 6, 'F', '15', '0'),
	(4491, 6, 'F', '14', '0'),
	(4492, 6, 'F', '13', '0'),
	(4493, 6, 'F', '12', '0'),
	(4494, 6, 'F', '11', '0'),
	(4495, 6, 'F', '10', '0'),
	(4496, 6, 'F', '9', '0'),
	(4497, 6, 'F', '8', '0'),
	(4498, 6, 'F', '7', '0'),
	(4499, 6, 'F', '6', '0'),
	(4500, 6, 'F', '5', '0'),
	(4501, 6, 'F', '4', '0'),
	(4502, 6, 'F', '3', '0'),
	(4503, 6, 'F', '2', '0'),
	(4504, 6, 'F', '1', '0'),
	(4505, 6, 'E', '30', '0'),
	(4506, 6, 'E', '29', '0'),
	(4507, 6, 'E', '28', '0'),
	(4508, 6, 'E', '27', '0'),
	(4509, 6, 'E', '26', '0'),
	(4510, 6, 'E', '25', '0'),
	(4511, 6, 'E', '24', '0'),
	(4512, 6, 'E', '23', '0'),
	(4513, 6, 'E', '22', '0'),
	(4514, 6, 'E', '21', '0'),
	(4515, 6, 'E', '20', '0'),
	(4516, 6, 'E', '19', '0'),
	(4517, 6, 'E', '18', '0'),
	(4518, 6, 'E', '17', '0'),
	(4519, 6, 'E', '16', '0'),
	(4520, 6, 'E', '15', '0'),
	(4521, 6, 'E', '14', '0'),
	(4522, 6, 'E', '13', '0'),
	(4523, 6, 'E', '12', '0'),
	(4524, 6, 'E', '11', '0'),
	(4525, 6, 'E', '10', '0'),
	(4526, 6, 'E', '9', '0'),
	(4527, 6, 'E', '8', '0'),
	(4528, 6, 'E', '7', '0'),
	(4529, 6, 'E', '6', '0'),
	(4530, 6, 'E', '5', '0'),
	(4531, 6, 'E', '4', '0'),
	(4532, 6, 'E', '3', '0'),
	(4533, 6, 'E', '2', '0'),
	(4534, 6, 'E', '1', '0'),
	(4535, 6, 'D', '30', '0'),
	(4536, 6, 'D', '29', '0'),
	(4537, 6, 'D', '28', '0'),
	(4538, 6, 'D', '27', '0'),
	(4539, 6, 'D', '26', '0'),
	(4540, 6, 'D', '25', '0'),
	(4541, 6, 'D', '24', '0'),
	(4542, 6, 'D', '23', '0'),
	(4543, 6, 'D', '22', '0'),
	(4544, 6, 'D', '21', '0'),
	(4545, 6, 'D', '20', '0'),
	(4546, 6, 'D', '19', '0'),
	(4547, 6, 'D', '18', '0'),
	(4548, 6, 'D', '17', '0'),
	(4549, 6, 'D', '16', '0'),
	(4550, 6, 'D', '15', '0'),
	(4551, 6, 'D', '14', '0'),
	(4552, 6, 'D', '13', '0'),
	(4553, 6, 'D', '12', '0'),
	(4554, 6, 'D', '11', '0'),
	(4555, 6, 'D', '10', '0'),
	(4556, 6, 'D', '9', '0'),
	(4557, 6, 'D', '8', '0'),
	(4558, 6, 'D', '7', '0'),
	(4559, 6, 'D', '6', '0'),
	(4560, 6, 'D', '5', '0'),
	(4561, 6, 'D', '4', '0'),
	(4562, 6, 'D', '3', '0'),
	(4563, 6, 'D', '2', '0'),
	(4564, 6, 'D', '1', '0'),
	(4565, 6, 'C', '30', '0'),
	(4566, 6, 'C', '29', '0'),
	(4567, 6, 'C', '28', '0'),
	(4568, 6, 'C', '27', '0'),
	(4569, 6, 'C', '26', '0'),
	(4570, 6, 'C', '25', '0'),
	(4571, 6, 'C', '24', '0'),
	(4572, 6, 'C', '23', '0'),
	(4573, 6, 'C', '22', '0'),
	(4574, 6, 'C', '21', '0'),
	(4575, 6, 'C', '20', '0'),
	(4576, 6, 'C', '19', '0'),
	(4577, 6, 'C', '18', '0'),
	(4578, 6, 'C', '17', '0'),
	(4579, 6, 'C', '16', '0'),
	(4580, 6, 'C', '15', '0'),
	(4581, 6, 'C', '14', '0'),
	(4582, 6, 'C', '13', '0'),
	(4583, 6, 'C', '12', '0'),
	(4584, 6, 'C', '11', '0'),
	(4585, 6, 'C', '10', '0'),
	(4586, 6, 'C', '9', '0'),
	(4587, 6, 'C', '8', '0'),
	(4588, 6, 'C', '7', '0'),
	(4589, 6, 'C', '6', '0'),
	(4590, 6, 'C', '5', '0'),
	(4591, 6, 'C', '4', '0'),
	(4592, 6, 'C', '3', '0'),
	(4593, 6, 'C', '2', '0'),
	(4594, 6, 'C', '1', '0'),
	(4595, 6, 'B', '30', '0'),
	(4596, 6, 'B', '29', '0'),
	(4597, 6, 'B', '28', '0'),
	(4598, 6, 'B', '27', '0'),
	(4599, 6, 'B', '26', '0'),
	(4600, 6, 'B', '25', '0'),
	(4601, 6, 'B', '24', '0'),
	(4602, 6, 'B', '23', '0'),
	(4603, 6, 'B', '22', '0'),
	(4604, 6, 'B', '21', '0'),
	(4605, 6, 'B', '20', '0'),
	(4606, 6, 'B', '19', '0'),
	(4607, 6, 'B', '18', '0'),
	(4608, 6, 'B', '17', '0'),
	(4609, 6, 'B', '16', '0'),
	(4610, 6, 'B', '15', '0'),
	(4611, 6, 'B', '14', '0'),
	(4612, 6, 'B', '13', '0'),
	(4613, 6, 'B', '12', '0'),
	(4614, 6, 'B', '11', '0'),
	(4615, 6, 'B', '10', '0'),
	(4616, 6, 'B', '9', '0'),
	(4617, 6, 'B', '8', '0'),
	(4618, 6, 'B', '7', '0'),
	(4619, 6, 'B', '6', '0'),
	(4620, 6, 'B', '5', '0'),
	(4621, 6, 'B', '4', '0'),
	(4622, 6, 'B', '3', '0'),
	(4623, 6, 'B', '2', '0'),
	(4624, 6, 'B', '1', '0'),
	(4625, 6, 'O', '30', '0'),
	(4626, 6, 'O', '29', '0'),
	(4627, 6, 'O', '28', '0'),
	(4628, 6, 'O', '27', '0'),
	(4629, 6, 'O', '26', '0'),
	(4630, 6, 'O', '25', '0'),
	(4631, 6, 'O', '24', '0'),
	(4632, 6, 'O', '23', '0'),
	(4633, 6, 'O', '22', '0'),
	(4634, 6, 'O', '21', '0'),
	(4635, 6, 'O', '20', '0'),
	(4636, 6, 'O', '19', '0'),
	(4637, 6, 'O', '18', '0'),
	(4638, 6, 'O', '17', '0'),
	(4639, 6, 'O', '16', '1'),
	(4640, 6, 'O', '15', '0'),
	(4641, 6, 'O', '14', '0'),
	(4642, 6, 'O', '13', '0'),
	(4643, 6, 'O', '12', '0'),
	(4644, 6, 'O', '11', '0'),
	(4645, 6, 'O', '10', '0'),
	(4646, 6, 'O', '9', '0'),
	(4647, 6, 'O', '8', '0'),
	(4648, 6, 'O', '7', '0'),
	(4649, 6, 'O', '6', '0'),
	(4650, 6, 'O', '5', '0'),
	(4651, 6, 'O', '4', '0'),
	(4652, 6, 'O', '3', '0'),
	(4653, 6, 'O', '2', '0'),
	(4654, 6, 'O', '1', '0'),
	(4655, 6, 'N', '30', '0'),
	(4656, 6, 'N', '29', '0'),
	(4657, 6, 'N', '28', '0'),
	(4658, 6, 'N', '27', '0'),
	(4659, 6, 'N', '26', '0'),
	(4660, 6, 'N', '25', '0'),
	(4661, 6, 'N', '24', '0'),
	(4662, 6, 'N', '23', '0'),
	(4663, 6, 'N', '22', '0'),
	(4664, 6, 'N', '21', '0'),
	(4665, 6, 'N', '20', '0'),
	(4666, 6, 'N', '19', '0'),
	(4667, 6, 'N', '18', '0'),
	(4668, 6, 'N', '17', '1'),
	(4669, 6, 'N', '16', '0'),
	(4670, 6, 'N', '15', '0'),
	(4671, 6, 'N', '14', '0'),
	(4672, 6, 'N', '13', '0'),
	(4673, 6, 'N', '12', '0'),
	(4674, 6, 'N', '11', '0'),
	(4675, 6, 'N', '10', '0'),
	(4676, 6, 'N', '9', '0'),
	(4677, 6, 'N', '8', '0'),
	(4678, 6, 'N', '7', '0'),
	(4679, 6, 'N', '6', '0'),
	(4680, 6, 'N', '5', '0'),
	(4681, 6, 'N', '4', '0'),
	(4682, 6, 'N', '3', '0'),
	(4683, 6, 'N', '2', '0'),
	(4684, 6, 'N', '1', '0'),
	(4685, 6, 'M', '30', '0'),
	(4686, 6, 'M', '29', '0'),
	(4687, 6, 'M', '28', '0'),
	(4688, 6, 'M', '27', '0'),
	(4689, 6, 'M', '26', '0'),
	(4690, 6, 'M', '25', '0'),
	(4691, 6, 'M', '24', '0'),
	(4692, 6, 'M', '23', '0'),
	(4693, 6, 'M', '22', '0'),
	(4694, 6, 'M', '21', '0'),
	(4695, 6, 'M', '20', '0'),
	(4696, 6, 'M', '19', '0'),
	(4697, 6, 'M', '18', '1'),
	(4698, 6, 'M', '17', '0'),
	(4699, 6, 'M', '16', '0'),
	(4700, 6, 'M', '15', '0'),
	(4701, 6, 'M', '14', '0'),
	(4702, 6, 'M', '13', '0'),
	(4703, 6, 'M', '12', '0'),
	(4704, 6, 'M', '11', '0'),
	(4705, 6, 'M', '10', '0'),
	(4706, 6, 'M', '9', '0'),
	(4707, 6, 'M', '8', '0'),
	(4708, 6, 'M', '7', '0'),
	(4709, 6, 'M', '6', '0'),
	(4710, 6, 'M', '5', '0'),
	(4711, 6, 'M', '4', '0'),
	(4712, 6, 'M', '3', '0'),
	(4713, 6, 'M', '2', '0'),
	(4714, 6, 'M', '1', '0'),
	(4715, 6, 'L', '30', '0'),
	(4716, 6, 'L', '29', '0'),
	(4717, 6, 'L', '28', '0'),
	(4718, 6, 'L', '27', '0'),
	(4719, 6, 'L', '26', '0'),
	(4720, 6, 'L', '25', '0'),
	(4721, 6, 'L', '24', '0'),
	(4722, 6, 'L', '23', '0'),
	(4723, 6, 'L', '22', '0'),
	(4724, 6, 'L', '21', '0'),
	(4725, 6, 'L', '20', '0'),
	(4726, 6, 'L', '19', '1'),
	(4727, 6, 'L', '18', '0'),
	(4728, 6, 'L', '17', '0'),
	(4729, 6, 'L', '16', '0'),
	(4730, 6, 'L', '15', '0'),
	(4731, 6, 'L', '14', '0'),
	(4732, 6, 'L', '13', '0'),
	(4733, 6, 'L', '12', '0'),
	(4734, 6, 'L', '11', '0'),
	(4735, 6, 'L', '10', '0'),
	(4736, 6, 'L', '9', '0'),
	(4737, 6, 'L', '8', '0'),
	(4738, 6, 'L', '7', '0'),
	(4739, 6, 'L', '6', '0'),
	(4740, 6, 'L', '5', '0'),
	(4741, 6, 'L', '4', '0'),
	(4742, 6, 'L', '3', '0'),
	(4743, 6, 'L', '2', '0'),
	(4744, 6, 'L', '1', '0'),
	(4745, 6, 'K', '30', '0'),
	(4746, 6, 'K', '29', '0'),
	(4747, 6, 'K', '28', '0'),
	(4748, 6, 'K', '27', '0'),
	(4749, 6, 'K', '26', '0'),
	(4750, 6, 'K', '25', '0'),
	(4751, 6, 'K', '24', '0'),
	(4752, 6, 'K', '23', '0'),
	(4753, 6, 'K', '22', '0'),
	(4754, 6, 'K', '21', '0'),
	(4755, 6, 'K', '20', '0'),
	(4756, 6, 'K', '19', '0'),
	(4757, 6, 'K', '18', '0'),
	(4758, 6, 'K', '17', '0'),
	(4759, 6, 'K', '16', '0'),
	(4760, 6, 'K', '15', '0'),
	(4761, 6, 'K', '14', '0'),
	(4762, 6, 'K', '13', '0'),
	(4763, 6, 'K', '12', '0'),
	(4764, 6, 'K', '11', '0'),
	(4765, 6, 'K', '10', '0'),
	(4766, 6, 'K', '9', '0'),
	(4767, 6, 'K', '8', '0'),
	(4768, 6, 'K', '7', '0'),
	(4769, 6, 'K', '6', '0'),
	(4770, 6, 'K', '5', '0'),
	(4771, 6, 'K', '4', '0'),
	(4772, 6, 'K', '3', '0'),
	(4773, 6, 'K', '2', '0'),
	(4774, 6, 'K', '1', '0'),
	(4775, 6, 'J', '30', '0'),
	(4776, 6, 'J', '29', '0'),
	(4777, 6, 'J', '28', '0'),
	(4778, 6, 'J', '27', '0'),
	(4779, 6, 'J', '26', '0'),
	(4780, 6, 'J', '25', '0'),
	(4781, 6, 'J', '24', '0'),
	(4782, 6, 'J', '23', '0'),
	(4783, 6, 'J', '22', '0'),
	(4784, 6, 'J', '21', '0'),
	(4785, 6, 'J', '20', '0'),
	(4786, 6, 'J', '19', '0'),
	(4787, 6, 'J', '18', '0'),
	(4788, 6, 'J', '17', '0'),
	(4789, 6, 'J', '16', '0'),
	(4790, 6, 'J', '15', '0'),
	(4791, 6, 'J', '14', '0'),
	(4792, 6, 'J', '13', '0'),
	(4793, 6, 'J', '12', '0'),
	(4794, 6, 'J', '11', '0'),
	(4795, 6, 'J', '10', '0'),
	(4796, 6, 'J', '9', '0'),
	(4797, 6, 'J', '8', '0'),
	(4798, 6, 'J', '7', '0'),
	(4799, 6, 'J', '6', '0'),
	(4800, 6, 'J', '5', '0'),
	(4801, 6, 'J', '4', '0'),
	(4802, 6, 'J', '3', '0'),
	(4803, 6, 'J', '2', '0'),
	(4804, 6, 'J', '1', '0'),
	(4805, 6, 'I', '30', '0'),
	(4806, 6, 'I', '29', '0'),
	(4807, 6, 'I', '28', '0'),
	(4808, 6, 'I', '27', '0'),
	(4809, 6, 'I', '26', '0'),
	(4810, 6, 'I', '25', '0'),
	(4811, 6, 'I', '24', '0'),
	(4812, 6, 'I', '23', '0'),
	(4813, 6, 'I', '22', '0'),
	(4814, 6, 'I', '21', '0'),
	(4815, 6, 'I', '20', '0'),
	(4816, 6, 'I', '19', '0'),
	(4817, 6, 'I', '18', '0'),
	(4818, 6, 'I', '17', '0'),
	(4819, 6, 'I', '16', '0'),
	(4820, 6, 'I', '15', '0'),
	(4821, 6, 'I', '14', '0'),
	(4822, 6, 'I', '13', '0'),
	(4823, 6, 'I', '12', '0'),
	(4824, 6, 'I', '11', '0'),
	(4825, 6, 'I', '10', '0'),
	(4826, 6, 'I', '9', '0'),
	(4827, 6, 'I', '8', '0'),
	(4828, 6, 'I', '7', '0'),
	(4829, 6, 'I', '6', '0'),
	(4830, 6, 'I', '5', '0'),
	(4831, 6, 'I', '4', '0'),
	(4832, 6, 'I', '3', '0'),
	(4833, 6, 'I', '2', '0'),
	(4834, 6, 'I', '1', '0'),
	(4835, 6, 'H', '30', '0'),
	(4836, 6, 'H', '29', '0'),
	(4837, 6, 'H', '28', '0'),
	(4838, 6, 'H', '27', '0'),
	(4839, 6, 'H', '26', '0'),
	(4840, 6, 'H', '25', '0'),
	(4841, 6, 'H', '24', '0'),
	(4842, 6, 'H', '23', '0'),
	(4843, 6, 'H', '22', '0'),
	(4844, 6, 'H', '21', '0'),
	(4845, 6, 'H', '20', '0'),
	(4846, 6, 'H', '19', '0'),
	(4847, 6, 'H', '18', '0'),
	(4848, 6, 'H', '17', '0'),
	(4849, 6, 'H', '16', '0'),
	(4850, 6, 'H', '15', '0'),
	(4851, 6, 'H', '14', '0'),
	(4852, 6, 'H', '13', '0'),
	(4853, 6, 'H', '12', '0'),
	(4854, 6, 'H', '11', '0'),
	(4855, 6, 'H', '10', '0'),
	(4856, 6, 'H', '9', '0'),
	(4857, 6, 'H', '8', '0'),
	(4858, 6, 'H', '7', '0'),
	(4859, 6, 'H', '6', '0'),
	(4860, 6, 'H', '5', '0'),
	(4861, 6, 'H', '4', '0'),
	(4862, 6, 'H', '3', '0'),
	(4863, 6, 'H', '2', '0'),
	(4864, 6, 'H', '1', '0'),
	(4865, 6, 'G', '30', '0'),
	(4866, 6, 'G', '29', '0'),
	(4867, 6, 'G', '28', '0'),
	(4868, 6, 'G', '27', '0'),
	(4869, 6, 'G', '26', '0'),
	(4870, 6, 'G', '25', '0'),
	(4871, 6, 'G', '24', '0'),
	(4872, 6, 'G', '23', '0'),
	(4873, 6, 'G', '22', '0'),
	(4874, 6, 'G', '21', '0'),
	(4875, 6, 'G', '20', '0'),
	(4876, 6, 'G', '19', '0'),
	(4877, 6, 'G', '18', '0'),
	(4878, 6, 'G', '17', '0'),
	(4879, 6, 'G', '16', '0'),
	(4880, 6, 'G', '15', '0'),
	(4881, 6, 'G', '14', '0'),
	(4882, 6, 'G', '13', '0'),
	(4883, 6, 'G', '12', '0'),
	(4884, 6, 'G', '11', '0'),
	(4885, 6, 'G', '10', '0'),
	(4886, 6, 'G', '9', '0'),
	(4887, 6, 'G', '8', '0'),
	(4888, 6, 'G', '7', '0'),
	(4889, 6, 'G', '6', '0'),
	(4890, 6, 'G', '5', '0'),
	(4891, 6, 'G', '4', '0'),
	(4892, 6, 'G', '3', '0'),
	(4893, 6, 'G', '2', '0'),
	(4894, 6, 'G', '1', '0'),
	(4895, 6, 'F', '30', '0'),
	(4896, 6, 'F', '29', '0'),
	(4897, 6, 'F', '28', '0'),
	(4898, 6, 'F', '27', '0'),
	(4899, 6, 'F', '26', '0'),
	(4900, 6, 'F', '25', '0'),
	(4901, 6, 'F', '24', '0'),
	(4902, 6, 'F', '23', '0'),
	(4903, 6, 'F', '22', '0'),
	(4904, 6, 'F', '21', '0'),
	(4905, 6, 'F', '20', '0'),
	(4906, 6, 'F', '19', '0'),
	(4907, 6, 'F', '18', '0'),
	(4908, 6, 'F', '17', '0'),
	(4909, 6, 'F', '16', '0'),
	(4910, 6, 'F', '15', '0'),
	(4911, 6, 'F', '14', '0'),
	(4912, 6, 'F', '13', '0'),
	(4913, 6, 'F', '12', '0'),
	(4914, 6, 'F', '11', '0'),
	(4915, 6, 'F', '10', '0'),
	(4916, 6, 'F', '9', '0'),
	(4917, 6, 'F', '8', '0'),
	(4918, 6, 'F', '7', '0'),
	(4919, 6, 'F', '6', '0'),
	(4920, 6, 'F', '5', '0'),
	(4921, 6, 'F', '4', '0'),
	(4922, 6, 'F', '3', '0'),
	(4923, 6, 'F', '2', '0'),
	(4924, 6, 'F', '1', '0'),
	(4925, 6, 'E', '30', '0'),
	(4926, 6, 'E', '29', '0'),
	(4927, 6, 'E', '28', '0'),
	(4928, 6, 'E', '27', '0'),
	(4929, 6, 'E', '26', '0'),
	(4930, 6, 'E', '25', '0'),
	(4931, 6, 'E', '24', '0'),
	(4932, 6, 'E', '23', '0'),
	(4933, 6, 'E', '22', '0'),
	(4934, 6, 'E', '21', '0'),
	(4935, 6, 'E', '20', '0'),
	(4936, 6, 'E', '19', '0'),
	(4937, 6, 'E', '18', '0'),
	(4938, 6, 'E', '17', '0'),
	(4939, 6, 'E', '16', '0'),
	(4940, 6, 'E', '15', '0'),
	(4941, 6, 'E', '14', '0'),
	(4942, 6, 'E', '13', '0'),
	(4943, 6, 'E', '12', '0'),
	(4944, 6, 'E', '11', '0'),
	(4945, 6, 'E', '10', '0'),
	(4946, 6, 'E', '9', '0'),
	(4947, 6, 'E', '8', '0'),
	(4948, 6, 'E', '7', '0'),
	(4949, 6, 'E', '6', '0'),
	(4950, 6, 'E', '5', '0'),
	(4951, 6, 'E', '4', '0'),
	(4952, 6, 'E', '3', '0'),
	(4953, 6, 'E', '2', '0'),
	(4954, 6, 'E', '1', '0'),
	(4955, 6, 'D', '30', '0'),
	(4956, 6, 'D', '29', '0'),
	(4957, 6, 'D', '28', '0'),
	(4958, 6, 'D', '27', '0'),
	(4959, 6, 'D', '26', '0'),
	(4960, 6, 'D', '25', '0'),
	(4961, 6, 'D', '24', '0'),
	(4962, 6, 'D', '23', '0'),
	(4963, 6, 'D', '22', '0'),
	(4964, 6, 'D', '21', '0'),
	(4965, 6, 'D', '20', '0'),
	(4966, 6, 'D', '19', '0'),
	(4967, 6, 'D', '18', '0'),
	(4968, 6, 'D', '17', '0'),
	(4969, 6, 'D', '16', '0'),
	(4970, 6, 'D', '15', '0'),
	(4971, 6, 'D', '14', '0'),
	(4972, 6, 'D', '13', '0'),
	(4973, 6, 'D', '12', '0'),
	(4974, 6, 'D', '11', '0'),
	(4975, 6, 'D', '10', '0'),
	(4976, 6, 'D', '9', '0'),
	(4977, 6, 'D', '8', '0'),
	(4978, 6, 'D', '7', '0'),
	(4979, 6, 'D', '6', '0'),
	(4980, 6, 'D', '5', '0'),
	(4981, 6, 'D', '4', '0'),
	(4982, 6, 'D', '3', '0'),
	(4983, 6, 'D', '2', '0'),
	(4984, 6, 'D', '1', '0'),
	(4985, 6, 'C', '30', '0'),
	(4986, 6, 'C', '29', '0'),
	(4987, 6, 'C', '28', '0'),
	(4988, 6, 'C', '27', '0'),
	(4989, 6, 'C', '26', '0'),
	(4990, 6, 'C', '25', '0'),
	(4991, 6, 'C', '24', '0'),
	(4992, 6, 'C', '23', '0'),
	(4993, 6, 'C', '22', '0'),
	(4994, 6, 'C', '21', '0'),
	(4995, 6, 'C', '20', '0'),
	(4996, 6, 'C', '19', '0'),
	(4997, 6, 'C', '18', '0'),
	(4998, 6, 'C', '17', '0'),
	(4999, 6, 'C', '16', '0'),
	(5000, 6, 'C', '15', '0'),
	(5001, 6, 'C', '14', '0'),
	(5002, 6, 'C', '13', '0'),
	(5003, 6, 'C', '12', '0'),
	(5004, 6, 'C', '11', '0'),
	(5005, 6, 'C', '10', '0'),
	(5006, 6, 'C', '9', '0'),
	(5007, 6, 'C', '8', '0'),
	(5008, 6, 'C', '7', '0'),
	(5009, 6, 'C', '6', '0'),
	(5010, 6, 'C', '5', '0'),
	(5011, 6, 'C', '4', '0'),
	(5012, 6, 'C', '3', '0'),
	(5013, 6, 'C', '2', '0'),
	(5014, 6, 'C', '1', '0'),
	(5015, 6, 'B', '30', '0'),
	(5016, 6, 'B', '29', '0'),
	(5017, 6, 'B', '28', '0'),
	(5018, 6, 'B', '27', '0'),
	(5019, 6, 'B', '26', '0'),
	(5020, 6, 'B', '25', '0'),
	(5021, 6, 'B', '24', '0'),
	(5022, 6, 'B', '23', '0'),
	(5023, 6, 'B', '22', '0'),
	(5024, 6, 'B', '21', '0'),
	(5025, 6, 'B', '20', '0'),
	(5026, 6, 'B', '19', '0'),
	(5027, 6, 'B', '18', '0'),
	(5028, 6, 'B', '17', '0'),
	(5029, 6, 'B', '16', '0'),
	(5030, 6, 'B', '15', '0'),
	(5031, 6, 'B', '14', '0'),
	(5032, 6, 'B', '13', '0'),
	(5033, 6, 'B', '12', '0'),
	(5034, 6, 'B', '11', '0'),
	(5035, 6, 'B', '10', '0'),
	(5036, 6, 'B', '9', '0'),
	(5037, 6, 'B', '8', '0'),
	(5038, 6, 'B', '7', '0'),
	(5039, 6, 'B', '6', '0'),
	(5040, 6, 'B', '5', '0'),
	(5041, 6, 'B', '4', '0'),
	(5042, 6, 'B', '3', '0'),
	(5043, 6, 'B', '2', '0'),
	(5044, 6, 'B', '1', '0'),
	(5045, 7, 'O', '30', '0'),
	(5046, 7, 'O', '29', '0'),
	(5047, 7, 'O', '28', '0'),
	(5048, 7, 'O', '27', '1'),
	(5049, 7, 'O', '26', '0'),
	(5050, 7, 'O', '25', '0'),
	(5051, 7, 'O', '24', '0'),
	(5052, 7, 'O', '23', '0'),
	(5053, 7, 'O', '22', '0'),
	(5054, 7, 'O', '21', '0'),
	(5055, 7, 'O', '20', '0'),
	(5056, 7, 'O', '19', '0'),
	(5057, 7, 'O', '18', '0'),
	(5058, 7, 'O', '17', '0'),
	(5059, 7, 'O', '16', '0'),
	(5060, 7, 'O', '15', '0'),
	(5061, 7, 'O', '14', '0'),
	(5062, 7, 'O', '13', '0'),
	(5063, 7, 'O', '12', '0'),
	(5064, 7, 'O', '11', '0'),
	(5065, 7, 'O', '10', '0'),
	(5066, 7, 'O', '9', '0'),
	(5067, 7, 'O', '8', '0'),
	(5068, 7, 'O', '7', '0'),
	(5069, 7, 'O', '6', '0'),
	(5070, 7, 'O', '5', '0'),
	(5071, 7, 'O', '4', '0'),
	(5072, 7, 'O', '3', '0'),
	(5073, 7, 'O', '2', '0'),
	(5074, 7, 'O', '1', '0'),
	(5075, 7, 'N', '30', '0'),
	(5076, 7, 'N', '29', '0'),
	(5077, 7, 'N', '28', '0'),
	(5078, 7, 'N', '27', '1'),
	(5079, 7, 'N', '26', '0'),
	(5080, 7, 'N', '25', '0'),
	(5081, 7, 'N', '24', '0'),
	(5082, 7, 'N', '23', '0'),
	(5083, 7, 'N', '22', '0'),
	(5084, 7, 'N', '21', '0'),
	(5085, 7, 'N', '20', '0'),
	(5086, 7, 'N', '19', '0'),
	(5087, 7, 'N', '18', '0'),
	(5088, 7, 'N', '17', '0'),
	(5089, 7, 'N', '16', '0'),
	(5090, 7, 'N', '15', '0'),
	(5091, 7, 'N', '14', '0'),
	(5092, 7, 'N', '13', '0'),
	(5093, 7, 'N', '12', '0'),
	(5094, 7, 'N', '11', '0'),
	(5095, 7, 'N', '10', '0'),
	(5096, 7, 'N', '9', '0'),
	(5097, 7, 'N', '8', '0'),
	(5098, 7, 'N', '7', '0'),
	(5099, 7, 'N', '6', '0'),
	(5100, 7, 'N', '5', '0'),
	(5101, 7, 'N', '4', '0'),
	(5102, 7, 'N', '3', '0'),
	(5103, 7, 'N', '2', '0'),
	(5104, 7, 'N', '1', '0'),
	(5105, 7, 'M', '30', '0'),
	(5106, 7, 'M', '29', '0'),
	(5107, 7, 'M', '28', '0'),
	(5108, 7, 'M', '27', '1'),
	(5109, 7, 'M', '26', '0'),
	(5110, 7, 'M', '25', '0'),
	(5111, 7, 'M', '24', '0'),
	(5112, 7, 'M', '23', '0'),
	(5113, 7, 'M', '22', '0'),
	(5114, 7, 'M', '21', '0'),
	(5115, 7, 'M', '20', '0'),
	(5116, 7, 'M', '19', '0'),
	(5117, 7, 'M', '18', '0'),
	(5118, 7, 'M', '17', '0'),
	(5119, 7, 'M', '16', '0'),
	(5120, 7, 'M', '15', '0'),
	(5121, 7, 'M', '14', '0'),
	(5122, 7, 'M', '13', '0'),
	(5123, 7, 'M', '12', '0'),
	(5124, 7, 'M', '11', '0'),
	(5125, 7, 'M', '10', '0'),
	(5126, 7, 'M', '9', '0'),
	(5127, 7, 'M', '8', '0'),
	(5128, 7, 'M', '7', '0'),
	(5129, 7, 'M', '6', '0'),
	(5130, 7, 'M', '5', '0'),
	(5131, 7, 'M', '4', '0'),
	(5132, 7, 'M', '3', '0'),
	(5133, 7, 'M', '2', '0'),
	(5134, 7, 'M', '1', '0'),
	(5135, 7, 'L', '30', '0'),
	(5136, 7, 'L', '29', '0'),
	(5137, 7, 'L', '28', '0'),
	(5138, 7, 'L', '27', '1'),
	(5139, 7, 'L', '26', '0'),
	(5140, 7, 'L', '25', '0'),
	(5141, 7, 'L', '24', '0'),
	(5142, 7, 'L', '23', '0'),
	(5143, 7, 'L', '22', '0'),
	(5144, 7, 'L', '21', '0'),
	(5145, 7, 'L', '20', '0'),
	(5146, 7, 'L', '19', '0'),
	(5147, 7, 'L', '18', '0'),
	(5148, 7, 'L', '17', '0'),
	(5149, 7, 'L', '16', '0'),
	(5150, 7, 'L', '15', '0'),
	(5151, 7, 'L', '14', '0'),
	(5152, 7, 'L', '13', '0'),
	(5153, 7, 'L', '12', '0'),
	(5154, 7, 'L', '11', '0'),
	(5155, 7, 'L', '10', '0'),
	(5156, 7, 'L', '9', '0'),
	(5157, 7, 'L', '8', '0'),
	(5158, 7, 'L', '7', '0'),
	(5159, 7, 'L', '6', '0'),
	(5160, 7, 'L', '5', '0'),
	(5161, 7, 'L', '4', '0'),
	(5162, 7, 'L', '3', '0'),
	(5163, 7, 'L', '2', '0'),
	(5164, 7, 'L', '1', '0'),
	(5165, 7, 'K', '30', '0'),
	(5166, 7, 'K', '29', '0'),
	(5167, 7, 'K', '28', '0'),
	(5168, 7, 'K', '27', '0'),
	(5169, 7, 'K', '26', '0'),
	(5170, 7, 'K', '25', '0'),
	(5171, 7, 'K', '24', '0'),
	(5172, 7, 'K', '23', '0'),
	(5173, 7, 'K', '22', '0'),
	(5174, 7, 'K', '21', '0'),
	(5175, 7, 'K', '20', '0'),
	(5176, 7, 'K', '19', '0'),
	(5177, 7, 'K', '18', '0'),
	(5178, 7, 'K', '17', '0'),
	(5179, 7, 'K', '16', '0'),
	(5180, 7, 'K', '15', '0'),
	(5181, 7, 'K', '14', '1'),
	(5182, 7, 'K', '13', '0'),
	(5183, 7, 'K', '12', '0'),
	(5184, 7, 'K', '11', '0'),
	(5185, 7, 'K', '10', '0'),
	(5186, 7, 'K', '9', '0'),
	(5187, 7, 'K', '8', '0'),
	(5188, 7, 'K', '7', '0'),
	(5189, 7, 'K', '6', '0'),
	(5190, 7, 'K', '5', '0'),
	(5191, 7, 'K', '4', '0'),
	(5192, 7, 'K', '3', '0'),
	(5193, 7, 'K', '2', '0'),
	(5194, 7, 'K', '1', '0'),
	(5195, 7, 'J', '30', '0'),
	(5196, 7, 'J', '29', '0'),
	(5197, 7, 'J', '28', '0'),
	(5198, 7, 'J', '27', '0'),
	(5199, 7, 'J', '26', '0'),
	(5200, 7, 'J', '25', '0'),
	(5201, 7, 'J', '24', '0'),
	(5202, 7, 'J', '23', '0'),
	(5203, 7, 'J', '22', '0'),
	(5204, 7, 'J', '21', '0'),
	(5205, 7, 'J', '20', '0'),
	(5206, 7, 'J', '19', '0'),
	(5207, 7, 'J', '18', '0'),
	(5208, 7, 'J', '17', '0'),
	(5209, 7, 'J', '16', '0'),
	(5210, 7, 'J', '15', '1'),
	(5211, 7, 'J', '14', '0'),
	(5212, 7, 'J', '13', '0'),
	(5213, 7, 'J', '12', '0'),
	(5214, 7, 'J', '11', '0'),
	(5215, 7, 'J', '10', '0'),
	(5216, 7, 'J', '9', '0'),
	(5217, 7, 'J', '8', '0'),
	(5218, 7, 'J', '7', '0'),
	(5219, 7, 'J', '6', '0'),
	(5220, 7, 'J', '5', '0'),
	(5221, 7, 'J', '4', '0'),
	(5222, 7, 'J', '3', '0'),
	(5223, 7, 'J', '2', '0'),
	(5224, 7, 'J', '1', '0'),
	(5225, 7, 'I', '30', '0'),
	(5226, 7, 'I', '29', '0'),
	(5227, 7, 'I', '28', '0'),
	(5228, 7, 'I', '27', '0'),
	(5229, 7, 'I', '26', '0'),
	(5230, 7, 'I', '25', '0'),
	(5231, 7, 'I', '24', '0'),
	(5232, 7, 'I', '23', '0'),
	(5233, 7, 'I', '22', '0'),
	(5234, 7, 'I', '21', '0'),
	(5235, 7, 'I', '20', '0'),
	(5236, 7, 'I', '19', '1'),
	(5237, 7, 'I', '18', '0'),
	(5238, 7, 'I', '17', '0'),
	(5239, 7, 'I', '16', '0'),
	(5240, 7, 'I', '15', '0'),
	(5241, 7, 'I', '14', '0'),
	(5242, 7, 'I', '13', '0'),
	(5243, 7, 'I', '12', '0'),
	(5244, 7, 'I', '11', '0'),
	(5245, 7, 'I', '10', '0'),
	(5246, 7, 'I', '9', '0'),
	(5247, 7, 'I', '8', '0'),
	(5248, 7, 'I', '7', '0'),
	(5249, 7, 'I', '6', '0'),
	(5250, 7, 'I', '5', '0'),
	(5251, 7, 'I', '4', '0'),
	(5252, 7, 'I', '3', '0'),
	(5253, 7, 'I', '2', '0'),
	(5254, 7, 'I', '1', '0'),
	(5255, 7, 'H', '30', '0'),
	(5256, 7, 'H', '29', '0'),
	(5257, 7, 'H', '28', '0'),
	(5258, 7, 'H', '27', '0'),
	(5259, 7, 'H', '26', '0'),
	(5260, 7, 'H', '25', '0'),
	(5261, 7, 'H', '24', '0'),
	(5262, 7, 'H', '23', '0'),
	(5263, 7, 'H', '22', '0'),
	(5264, 7, 'H', '21', '0'),
	(5265, 7, 'H', '20', '0'),
	(5266, 7, 'H', '19', '0'),
	(5267, 7, 'H', '18', '0'),
	(5268, 7, 'H', '17', '1'),
	(5269, 7, 'H', '16', '0'),
	(5270, 7, 'H', '15', '0'),
	(5271, 7, 'H', '14', '0'),
	(5272, 7, 'H', '13', '0'),
	(5273, 7, 'H', '12', '0'),
	(5274, 7, 'H', '11', '0'),
	(5275, 7, 'H', '10', '0'),
	(5276, 7, 'H', '9', '0'),
	(5277, 7, 'H', '8', '0'),
	(5278, 7, 'H', '7', '0'),
	(5279, 7, 'H', '6', '0'),
	(5280, 7, 'H', '5', '0'),
	(5281, 7, 'H', '4', '0'),
	(5282, 7, 'H', '3', '0'),
	(5283, 7, 'H', '2', '0'),
	(5284, 7, 'H', '1', '0'),
	(5285, 7, 'G', '30', '0'),
	(5286, 7, 'G', '29', '0'),
	(5287, 7, 'G', '28', '0'),
	(5288, 7, 'G', '27', '0'),
	(5289, 7, 'G', '26', '0'),
	(5290, 7, 'G', '25', '0'),
	(5291, 7, 'G', '24', '0'),
	(5292, 7, 'G', '23', '0'),
	(5293, 7, 'G', '22', '0'),
	(5294, 7, 'G', '21', '0'),
	(5295, 7, 'G', '20', '0'),
	(5296, 7, 'G', '19', '1'),
	(5297, 7, 'G', '18', '0'),
	(5298, 7, 'G', '17', '0'),
	(5299, 7, 'G', '16', '0'),
	(5300, 7, 'G', '15', '0'),
	(5301, 7, 'G', '14', '0'),
	(5302, 7, 'G', '13', '0'),
	(5303, 7, 'G', '12', '0'),
	(5304, 7, 'G', '11', '0'),
	(5305, 7, 'G', '10', '0'),
	(5306, 7, 'G', '9', '0'),
	(5307, 7, 'G', '8', '0'),
	(5308, 7, 'G', '7', '0'),
	(5309, 7, 'G', '6', '0'),
	(5310, 7, 'G', '5', '0'),
	(5311, 7, 'G', '4', '0'),
	(5312, 7, 'G', '3', '0'),
	(5313, 7, 'G', '2', '0'),
	(5314, 7, 'G', '1', '0'),
	(5315, 7, 'F', '30', '0'),
	(5316, 7, 'F', '29', '0'),
	(5317, 7, 'F', '28', '0'),
	(5318, 7, 'F', '27', '0'),
	(5319, 7, 'F', '26', '0'),
	(5320, 7, 'F', '25', '0'),
	(5321, 7, 'F', '24', '0'),
	(5322, 7, 'F', '23', '0'),
	(5323, 7, 'F', '22', '0'),
	(5324, 7, 'F', '21', '0'),
	(5325, 7, 'F', '20', '0'),
	(5326, 7, 'F', '19', '0'),
	(5327, 7, 'F', '18', '0'),
	(5328, 7, 'F', '17', '0'),
	(5329, 7, 'F', '16', '0'),
	(5330, 7, 'F', '15', '1'),
	(5331, 7, 'F', '14', '0'),
	(5332, 7, 'F', '13', '1'),
	(5333, 7, 'F', '12', '0'),
	(5334, 7, 'F', '11', '0'),
	(5335, 7, 'F', '10', '0'),
	(5336, 7, 'F', '9', '0'),
	(5337, 7, 'F', '8', '0'),
	(5338, 7, 'F', '7', '0'),
	(5339, 7, 'F', '6', '0'),
	(5340, 7, 'F', '5', '0'),
	(5341, 7, 'F', '4', '0'),
	(5342, 7, 'F', '3', '0'),
	(5343, 7, 'F', '2', '0'),
	(5344, 7, 'F', '1', '0'),
	(5345, 7, 'E', '30', '0'),
	(5346, 7, 'E', '29', '0'),
	(5347, 7, 'E', '28', '0'),
	(5348, 7, 'E', '27', '0'),
	(5349, 7, 'E', '26', '0'),
	(5350, 7, 'E', '25', '0'),
	(5351, 7, 'E', '24', '0'),
	(5352, 7, 'E', '23', '0'),
	(5353, 7, 'E', '22', '0'),
	(5354, 7, 'E', '21', '0'),
	(5355, 7, 'E', '20', '0'),
	(5356, 7, 'E', '19', '0'),
	(5357, 7, 'E', '18', '0'),
	(5358, 7, 'E', '17', '0'),
	(5359, 7, 'E', '16', '0'),
	(5360, 7, 'E', '15', '0'),
	(5361, 7, 'E', '14', '0'),
	(5362, 7, 'E', '13', '0'),
	(5363, 7, 'E', '12', '0'),
	(5364, 7, 'E', '11', '0'),
	(5365, 7, 'E', '10', '0'),
	(5366, 7, 'E', '9', '0'),
	(5367, 7, 'E', '8', '0'),
	(5368, 7, 'E', '7', '0'),
	(5369, 7, 'E', '6', '0'),
	(5370, 7, 'E', '5', '0'),
	(5371, 7, 'E', '4', '0'),
	(5372, 7, 'E', '3', '0'),
	(5373, 7, 'E', '2', '0'),
	(5374, 7, 'E', '1', '0'),
	(5375, 7, 'D', '30', '0'),
	(5376, 7, 'D', '29', '0'),
	(5377, 7, 'D', '28', '0'),
	(5378, 7, 'D', '27', '0'),
	(5379, 7, 'D', '26', '0'),
	(5380, 7, 'D', '25', '0'),
	(5381, 7, 'D', '24', '0'),
	(5382, 7, 'D', '23', '0'),
	(5383, 7, 'D', '22', '0'),
	(5384, 7, 'D', '21', '0'),
	(5385, 7, 'D', '20', '0'),
	(5386, 7, 'D', '19', '0'),
	(5387, 7, 'D', '18', '0'),
	(5388, 7, 'D', '17', '0'),
	(5389, 7, 'D', '16', '0'),
	(5390, 7, 'D', '15', '0'),
	(5391, 7, 'D', '14', '0'),
	(5392, 7, 'D', '13', '0'),
	(5393, 7, 'D', '12', '0'),
	(5394, 7, 'D', '11', '0'),
	(5395, 7, 'D', '10', '0'),
	(5396, 7, 'D', '9', '0'),
	(5397, 7, 'D', '8', '0'),
	(5398, 7, 'D', '7', '0'),
	(5399, 7, 'D', '6', '0'),
	(5400, 7, 'D', '5', '0'),
	(5401, 7, 'D', '4', '0'),
	(5402, 7, 'D', '3', '0'),
	(5403, 7, 'D', '2', '0'),
	(5404, 7, 'D', '1', '0'),
	(5405, 7, 'C', '30', '0'),
	(5406, 7, 'C', '29', '0'),
	(5407, 7, 'C', '28', '0'),
	(5408, 7, 'C', '27', '0'),
	(5409, 7, 'C', '26', '0'),
	(5410, 7, 'C', '25', '0'),
	(5411, 7, 'C', '24', '0'),
	(5412, 7, 'C', '23', '0'),
	(5413, 7, 'C', '22', '0'),
	(5414, 7, 'C', '21', '0'),
	(5415, 7, 'C', '20', '0'),
	(5416, 7, 'C', '19', '1'),
	(5417, 7, 'C', '18', '1'),
	(5418, 7, 'C', '17', '1'),
	(5419, 7, 'C', '16', '1'),
	(5420, 7, 'C', '15', '0'),
	(5421, 7, 'C', '14', '0'),
	(5422, 7, 'C', '13', '0'),
	(5423, 7, 'C', '12', '0'),
	(5424, 7, 'C', '11', '0'),
	(5425, 7, 'C', '10', '0'),
	(5426, 7, 'C', '9', '0'),
	(5427, 7, 'C', '8', '0'),
	(5428, 7, 'C', '7', '0'),
	(5429, 7, 'C', '6', '0'),
	(5430, 7, 'C', '5', '0'),
	(5431, 7, 'C', '4', '0'),
	(5432, 7, 'C', '3', '0'),
	(5433, 7, 'C', '2', '0'),
	(5434, 7, 'C', '1', '0'),
	(5435, 7, 'B', '30', '0'),
	(5436, 7, 'B', '29', '0'),
	(5437, 7, 'B', '28', '0'),
	(5438, 7, 'B', '27', '0'),
	(5439, 7, 'B', '26', '0'),
	(5440, 7, 'B', '25', '0'),
	(5441, 7, 'B', '24', '0'),
	(5442, 7, 'B', '23', '0'),
	(5443, 7, 'B', '22', '0'),
	(5444, 7, 'B', '21', '1'),
	(5445, 7, 'B', '20', '1'),
	(5446, 7, 'B', '19', '1'),
	(5447, 7, 'B', '18', '1'),
	(5448, 7, 'B', '17', '0'),
	(5449, 7, 'B', '16', '0'),
	(5450, 7, 'B', '15', '0'),
	(5451, 7, 'B', '14', '0'),
	(5452, 7, 'B', '13', '0'),
	(5453, 7, 'B', '12', '0'),
	(5454, 7, 'B', '11', '0'),
	(5455, 7, 'B', '10', '0'),
	(5456, 7, 'B', '9', '0'),
	(5457, 7, 'B', '8', '0'),
	(5458, 7, 'B', '7', '0'),
	(5459, 7, 'B', '6', '0'),
	(5460, 7, 'B', '5', '0'),
	(5461, 7, 'B', '4', '0'),
	(5462, 7, 'B', '3', '0'),
	(5463, 7, 'B', '2', '0'),
	(5464, 7, 'B', '1', '0'),
	(5465, 8, 'O', '30', '0'),
	(5466, 8, 'O', '29', '0'),
	(5467, 8, 'O', '28', '0'),
	(5468, 8, 'O', '27', '1'),
	(5469, 8, 'O', '26', '1'),
	(5470, 8, 'O', '25', '1'),
	(5471, 8, 'O', '24', '1'),
	(5472, 8, 'O', '23', '1'),
	(5473, 8, 'O', '22', '1'),
	(5474, 8, 'O', '21', '1'),
	(5475, 8, 'O', '20', '1'),
	(5476, 8, 'O', '19', '0'),
	(5477, 8, 'O', '18', '0'),
	(5478, 8, 'O', '17', '0'),
	(5479, 8, 'O', '16', '0'),
	(5480, 8, 'O', '15', '0'),
	(5481, 8, 'O', '14', '0'),
	(5482, 8, 'O', '13', '0'),
	(5483, 8, 'O', '12', '0'),
	(5484, 8, 'O', '11', '0'),
	(5485, 8, 'O', '10', '0'),
	(5486, 8, 'O', '9', '0'),
	(5487, 8, 'O', '8', '0'),
	(5488, 8, 'O', '7', '0'),
	(5489, 8, 'O', '6', '0'),
	(5490, 8, 'O', '5', '0'),
	(5491, 8, 'O', '4', '0'),
	(5492, 8, 'O', '3', '0'),
	(5493, 8, 'O', '2', '0'),
	(5494, 8, 'O', '1', '0'),
	(5495, 8, 'N', '30', '0'),
	(5496, 8, 'N', '29', '0'),
	(5497, 8, 'N', '28', '0'),
	(5498, 8, 'N', '27', '0'),
	(5499, 8, 'N', '26', '0'),
	(5500, 8, 'N', '25', '0'),
	(5501, 8, 'N', '24', '0'),
	(5502, 8, 'N', '23', '0'),
	(5503, 8, 'N', '22', '0'),
	(5504, 8, 'N', '21', '0'),
	(5505, 8, 'N', '20', '0'),
	(5506, 8, 'N', '19', '0'),
	(5507, 8, 'N', '18', '0'),
	(5508, 8, 'N', '17', '0'),
	(5509, 8, 'N', '16', '0'),
	(5510, 8, 'N', '15', '0'),
	(5511, 8, 'N', '14', '0'),
	(5512, 8, 'N', '13', '0'),
	(5513, 8, 'N', '12', '0'),
	(5514, 8, 'N', '11', '0'),
	(5515, 8, 'N', '10', '0'),
	(5516, 8, 'N', '9', '0'),
	(5517, 8, 'N', '8', '0'),
	(5518, 8, 'N', '7', '0'),
	(5519, 8, 'N', '6', '0'),
	(5520, 8, 'N', '5', '0'),
	(5521, 8, 'N', '4', '0'),
	(5522, 8, 'N', '3', '0'),
	(5523, 8, 'N', '2', '0'),
	(5524, 8, 'N', '1', '0'),
	(5525, 8, 'M', '30', '0'),
	(5526, 8, 'M', '29', '0'),
	(5527, 8, 'M', '28', '0'),
	(5528, 8, 'M', '27', '0'),
	(5529, 8, 'M', '26', '0'),
	(5530, 8, 'M', '25', '0'),
	(5531, 8, 'M', '24', '0'),
	(5532, 8, 'M', '23', '0'),
	(5533, 8, 'M', '22', '0'),
	(5534, 8, 'M', '21', '0'),
	(5535, 8, 'M', '20', '0'),
	(5536, 8, 'M', '19', '0'),
	(5537, 8, 'M', '18', '0'),
	(5538, 8, 'M', '17', '0'),
	(5539, 8, 'M', '16', '0'),
	(5540, 8, 'M', '15', '0'),
	(5541, 8, 'M', '14', '0'),
	(5542, 8, 'M', '13', '0'),
	(5543, 8, 'M', '12', '0'),
	(5544, 8, 'M', '11', '0'),
	(5545, 8, 'M', '10', '0'),
	(5546, 8, 'M', '9', '0'),
	(5547, 8, 'M', '8', '0'),
	(5548, 8, 'M', '7', '0'),
	(5549, 8, 'M', '6', '0'),
	(5550, 8, 'M', '5', '0'),
	(5551, 8, 'M', '4', '0'),
	(5552, 8, 'M', '3', '0'),
	(5553, 8, 'M', '2', '0'),
	(5554, 8, 'M', '1', '0'),
	(5555, 8, 'L', '30', '0'),
	(5556, 8, 'L', '29', '0'),
	(5557, 8, 'L', '28', '0'),
	(5558, 8, 'L', '27', '0'),
	(5559, 8, 'L', '26', '0'),
	(5560, 8, 'L', '25', '0'),
	(5561, 8, 'L', '24', '0'),
	(5562, 8, 'L', '23', '0'),
	(5563, 8, 'L', '22', '0'),
	(5564, 8, 'L', '21', '0'),
	(5565, 8, 'L', '20', '0'),
	(5566, 8, 'L', '19', '0'),
	(5567, 8, 'L', '18', '0'),
	(5568, 8, 'L', '17', '0'),
	(5569, 8, 'L', '16', '0'),
	(5570, 8, 'L', '15', '0'),
	(5571, 8, 'L', '14', '0'),
	(5572, 8, 'L', '13', '0'),
	(5573, 8, 'L', '12', '0'),
	(5574, 8, 'L', '11', '0'),
	(5575, 8, 'L', '10', '0'),
	(5576, 8, 'L', '9', '0'),
	(5577, 8, 'L', '8', '0'),
	(5578, 8, 'L', '7', '0'),
	(5579, 8, 'L', '6', '0'),
	(5580, 8, 'L', '5', '0'),
	(5581, 8, 'L', '4', '0'),
	(5582, 8, 'L', '3', '0'),
	(5583, 8, 'L', '2', '0'),
	(5584, 8, 'L', '1', '0'),
	(5585, 8, 'K', '30', '0'),
	(5586, 8, 'K', '29', '0'),
	(5587, 8, 'K', '28', '0'),
	(5588, 8, 'K', '27', '0'),
	(5589, 8, 'K', '26', '0'),
	(5590, 8, 'K', '25', '0'),
	(5591, 8, 'K', '24', '0'),
	(5592, 8, 'K', '23', '0'),
	(5593, 8, 'K', '22', '0'),
	(5594, 8, 'K', '21', '0'),
	(5595, 8, 'K', '20', '0'),
	(5596, 8, 'K', '19', '0'),
	(5597, 8, 'K', '18', '0'),
	(5598, 8, 'K', '17', '0'),
	(5599, 8, 'K', '16', '0'),
	(5600, 8, 'K', '15', '0'),
	(5601, 8, 'K', '14', '0'),
	(5602, 8, 'K', '13', '0'),
	(5603, 8, 'K', '12', '0'),
	(5604, 8, 'K', '11', '0'),
	(5605, 8, 'K', '10', '0'),
	(5606, 8, 'K', '9', '0'),
	(5607, 8, 'K', '8', '0'),
	(5608, 8, 'K', '7', '0'),
	(5609, 8, 'K', '6', '0'),
	(5610, 8, 'K', '5', '0'),
	(5611, 8, 'K', '4', '0'),
	(5612, 8, 'K', '3', '0'),
	(5613, 8, 'K', '2', '0'),
	(5614, 8, 'K', '1', '0'),
	(5615, 8, 'J', '30', '0'),
	(5616, 8, 'J', '29', '0'),
	(5617, 8, 'J', '28', '0'),
	(5618, 8, 'J', '27', '0'),
	(5619, 8, 'J', '26', '0'),
	(5620, 8, 'J', '25', '0'),
	(5621, 8, 'J', '24', '0'),
	(5622, 8, 'J', '23', '0'),
	(5623, 8, 'J', '22', '0'),
	(5624, 8, 'J', '21', '0'),
	(5625, 8, 'J', '20', '0'),
	(5626, 8, 'J', '19', '0'),
	(5627, 8, 'J', '18', '0'),
	(5628, 8, 'J', '17', '0'),
	(5629, 8, 'J', '16', '0'),
	(5630, 8, 'J', '15', '0'),
	(5631, 8, 'J', '14', '0'),
	(5632, 8, 'J', '13', '0'),
	(5633, 8, 'J', '12', '0'),
	(5634, 8, 'J', '11', '0'),
	(5635, 8, 'J', '10', '0'),
	(5636, 8, 'J', '9', '0'),
	(5637, 8, 'J', '8', '0'),
	(5638, 8, 'J', '7', '0'),
	(5639, 8, 'J', '6', '0'),
	(5640, 8, 'J', '5', '0'),
	(5641, 8, 'J', '4', '0'),
	(5642, 8, 'J', '3', '0'),
	(5643, 8, 'J', '2', '0'),
	(5644, 8, 'J', '1', '0'),
	(5645, 8, 'I', '30', '0'),
	(5646, 8, 'I', '29', '0'),
	(5647, 8, 'I', '28', '0'),
	(5648, 8, 'I', '27', '0'),
	(5649, 8, 'I', '26', '0'),
	(5650, 8, 'I', '25', '0'),
	(5651, 8, 'I', '24', '0'),
	(5652, 8, 'I', '23', '0'),
	(5653, 8, 'I', '22', '0'),
	(5654, 8, 'I', '21', '0'),
	(5655, 8, 'I', '20', '0'),
	(5656, 8, 'I', '19', '0'),
	(5657, 8, 'I', '18', '0'),
	(5658, 8, 'I', '17', '0'),
	(5659, 8, 'I', '16', '0'),
	(5660, 8, 'I', '15', '0'),
	(5661, 8, 'I', '14', '0'),
	(5662, 8, 'I', '13', '0'),
	(5663, 8, 'I', '12', '0'),
	(5664, 8, 'I', '11', '0'),
	(5665, 8, 'I', '10', '0'),
	(5666, 8, 'I', '9', '0'),
	(5667, 8, 'I', '8', '0'),
	(5668, 8, 'I', '7', '0'),
	(5669, 8, 'I', '6', '0'),
	(5670, 8, 'I', '5', '0'),
	(5671, 8, 'I', '4', '0'),
	(5672, 8, 'I', '3', '0'),
	(5673, 8, 'I', '2', '0'),
	(5674, 8, 'I', '1', '0'),
	(5675, 8, 'H', '30', '0'),
	(5676, 8, 'H', '29', '0'),
	(5677, 8, 'H', '28', '0'),
	(5678, 8, 'H', '27', '0'),
	(5679, 8, 'H', '26', '0'),
	(5680, 8, 'H', '25', '0'),
	(5681, 8, 'H', '24', '0'),
	(5682, 8, 'H', '23', '0'),
	(5683, 8, 'H', '22', '0'),
	(5684, 8, 'H', '21', '0'),
	(5685, 8, 'H', '20', '0'),
	(5686, 8, 'H', '19', '0'),
	(5687, 8, 'H', '18', '0'),
	(5688, 8, 'H', '17', '0'),
	(5689, 8, 'H', '16', '0'),
	(5690, 8, 'H', '15', '0'),
	(5691, 8, 'H', '14', '0'),
	(5692, 8, 'H', '13', '0'),
	(5693, 8, 'H', '12', '0'),
	(5694, 8, 'H', '11', '0'),
	(5695, 8, 'H', '10', '0'),
	(5696, 8, 'H', '9', '0'),
	(5697, 8, 'H', '8', '0'),
	(5698, 8, 'H', '7', '0'),
	(5699, 8, 'H', '6', '0'),
	(5700, 8, 'H', '5', '0'),
	(5701, 8, 'H', '4', '0'),
	(5702, 8, 'H', '3', '0'),
	(5703, 8, 'H', '2', '0'),
	(5704, 8, 'H', '1', '0'),
	(5705, 8, 'G', '30', '0'),
	(5706, 8, 'G', '29', '0'),
	(5707, 8, 'G', '28', '0'),
	(5708, 8, 'G', '27', '0'),
	(5709, 8, 'G', '26', '0'),
	(5710, 8, 'G', '25', '0'),
	(5711, 8, 'G', '24', '0'),
	(5712, 8, 'G', '23', '0'),
	(5713, 8, 'G', '22', '0'),
	(5714, 8, 'G', '21', '0'),
	(5715, 8, 'G', '20', '0'),
	(5716, 8, 'G', '19', '0'),
	(5717, 8, 'G', '18', '0'),
	(5718, 8, 'G', '17', '0'),
	(5719, 8, 'G', '16', '0'),
	(5720, 8, 'G', '15', '0'),
	(5721, 8, 'G', '14', '0'),
	(5722, 8, 'G', '13', '0'),
	(5723, 8, 'G', '12', '0'),
	(5724, 8, 'G', '11', '0'),
	(5725, 8, 'G', '10', '0'),
	(5726, 8, 'G', '9', '0'),
	(5727, 8, 'G', '8', '0'),
	(5728, 8, 'G', '7', '0'),
	(5729, 8, 'G', '6', '0'),
	(5730, 8, 'G', '5', '0'),
	(5731, 8, 'G', '4', '0'),
	(5732, 8, 'G', '3', '0'),
	(5733, 8, 'G', '2', '0'),
	(5734, 8, 'G', '1', '0'),
	(5735, 8, 'F', '30', '0'),
	(5736, 8, 'F', '29', '0'),
	(5737, 8, 'F', '28', '0'),
	(5738, 8, 'F', '27', '0'),
	(5739, 8, 'F', '26', '0'),
	(5740, 8, 'F', '25', '0'),
	(5741, 8, 'F', '24', '0'),
	(5742, 8, 'F', '23', '0'),
	(5743, 8, 'F', '22', '0'),
	(5744, 8, 'F', '21', '0'),
	(5745, 8, 'F', '20', '0'),
	(5746, 8, 'F', '19', '0'),
	(5747, 8, 'F', '18', '0'),
	(5748, 8, 'F', '17', '0'),
	(5749, 8, 'F', '16', '0'),
	(5750, 8, 'F', '15', '0'),
	(5751, 8, 'F', '14', '0'),
	(5752, 8, 'F', '13', '0'),
	(5753, 8, 'F', '12', '0'),
	(5754, 8, 'F', '11', '0'),
	(5755, 8, 'F', '10', '0'),
	(5756, 8, 'F', '9', '0'),
	(5757, 8, 'F', '8', '0'),
	(5758, 8, 'F', '7', '0'),
	(5759, 8, 'F', '6', '0'),
	(5760, 8, 'F', '5', '0'),
	(5761, 8, 'F', '4', '0'),
	(5762, 8, 'F', '3', '0'),
	(5763, 8, 'F', '2', '0'),
	(5764, 8, 'F', '1', '0'),
	(5765, 8, 'E', '30', '0'),
	(5766, 8, 'E', '29', '0'),
	(5767, 8, 'E', '28', '0'),
	(5768, 8, 'E', '27', '0'),
	(5769, 8, 'E', '26', '0'),
	(5770, 8, 'E', '25', '0'),
	(5771, 8, 'E', '24', '0'),
	(5772, 8, 'E', '23', '0'),
	(5773, 8, 'E', '22', '0'),
	(5774, 8, 'E', '21', '0'),
	(5775, 8, 'E', '20', '0'),
	(5776, 8, 'E', '19', '0'),
	(5777, 8, 'E', '18', '0'),
	(5778, 8, 'E', '17', '0'),
	(5779, 8, 'E', '16', '0'),
	(5780, 8, 'E', '15', '0'),
	(5781, 8, 'E', '14', '0'),
	(5782, 8, 'E', '13', '0'),
	(5783, 8, 'E', '12', '0'),
	(5784, 8, 'E', '11', '0'),
	(5785, 8, 'E', '10', '0'),
	(5786, 8, 'E', '9', '0'),
	(5787, 8, 'E', '8', '0'),
	(5788, 8, 'E', '7', '0'),
	(5789, 8, 'E', '6', '0'),
	(5790, 8, 'E', '5', '0'),
	(5791, 8, 'E', '4', '0'),
	(5792, 8, 'E', '3', '0'),
	(5793, 8, 'E', '2', '0'),
	(5794, 8, 'E', '1', '0'),
	(5795, 8, 'D', '30', '0'),
	(5796, 8, 'D', '29', '0'),
	(5797, 8, 'D', '28', '0'),
	(5798, 8, 'D', '27', '0'),
	(5799, 8, 'D', '26', '0'),
	(5800, 8, 'D', '25', '0'),
	(5801, 8, 'D', '24', '0'),
	(5802, 8, 'D', '23', '0'),
	(5803, 8, 'D', '22', '0'),
	(5804, 8, 'D', '21', '0'),
	(5805, 8, 'D', '20', '0'),
	(5806, 8, 'D', '19', '0'),
	(5807, 8, 'D', '18', '0'),
	(5808, 8, 'D', '17', '0'),
	(5809, 8, 'D', '16', '0'),
	(5810, 8, 'D', '15', '0'),
	(5811, 8, 'D', '14', '0'),
	(5812, 8, 'D', '13', '0'),
	(5813, 8, 'D', '12', '0'),
	(5814, 8, 'D', '11', '0'),
	(5815, 8, 'D', '10', '0'),
	(5816, 8, 'D', '9', '0'),
	(5817, 8, 'D', '8', '0'),
	(5818, 8, 'D', '7', '0'),
	(5819, 8, 'D', '6', '0'),
	(5820, 8, 'D', '5', '0'),
	(5821, 8, 'D', '4', '0'),
	(5822, 8, 'D', '3', '0'),
	(5823, 8, 'D', '2', '0'),
	(5824, 8, 'D', '1', '0'),
	(5825, 8, 'C', '30', '0'),
	(5826, 8, 'C', '29', '0'),
	(5827, 8, 'C', '28', '0'),
	(5828, 8, 'C', '27', '0'),
	(5829, 8, 'C', '26', '0'),
	(5830, 8, 'C', '25', '0'),
	(5831, 8, 'C', '24', '0'),
	(5832, 8, 'C', '23', '0'),
	(5833, 8, 'C', '22', '0'),
	(5834, 8, 'C', '21', '0'),
	(5835, 8, 'C', '20', '0'),
	(5836, 8, 'C', '19', '0'),
	(5837, 8, 'C', '18', '0'),
	(5838, 8, 'C', '17', '0'),
	(5839, 8, 'C', '16', '0'),
	(5840, 8, 'C', '15', '0'),
	(5841, 8, 'C', '14', '0'),
	(5842, 8, 'C', '13', '0'),
	(5843, 8, 'C', '12', '0'),
	(5844, 8, 'C', '11', '0'),
	(5845, 8, 'C', '10', '0'),
	(5846, 8, 'C', '9', '0'),
	(5847, 8, 'C', '8', '0'),
	(5848, 8, 'C', '7', '0'),
	(5849, 8, 'C', '6', '0'),
	(5850, 8, 'C', '5', '0'),
	(5851, 8, 'C', '4', '0'),
	(5852, 8, 'C', '3', '0'),
	(5853, 8, 'C', '2', '0'),
	(5854, 8, 'C', '1', '0'),
	(5855, 8, 'B', '30', '0'),
	(5856, 8, 'B', '29', '0'),
	(5857, 8, 'B', '28', '0'),
	(5858, 8, 'B', '27', '0'),
	(5859, 8, 'B', '26', '0'),
	(5860, 8, 'B', '25', '0'),
	(5861, 8, 'B', '24', '0'),
	(5862, 8, 'B', '23', '0'),
	(5863, 8, 'B', '22', '0'),
	(5864, 8, 'B', '21', '0'),
	(5865, 8, 'B', '20', '0'),
	(5866, 8, 'B', '19', '0'),
	(5867, 8, 'B', '18', '0'),
	(5868, 8, 'B', '17', '0'),
	(5869, 8, 'B', '16', '0'),
	(5870, 8, 'B', '15', '0'),
	(5871, 8, 'B', '14', '0'),
	(5872, 8, 'B', '13', '0'),
	(5873, 8, 'B', '12', '0'),
	(5874, 8, 'B', '11', '0'),
	(5875, 8, 'B', '10', '0'),
	(5876, 8, 'B', '9', '0'),
	(5877, 8, 'B', '8', '0'),
	(5878, 8, 'B', '7', '0'),
	(5879, 8, 'B', '6', '0'),
	(5880, 8, 'B', '5', '0'),
	(5881, 8, 'B', '4', '0'),
	(5882, 8, 'B', '3', '0'),
	(5883, 8, 'B', '2', '0'),
	(5884, 8, 'B', '1', '0');
/*!40000 ALTER TABLE `tbl_booking` ENABLE KEYS */;


-- Dumping structure for table nourneer.tbl_time
CREATE TABLE IF NOT EXISTS `tbl_time` (
  `id` int(2) NOT NULL AUTO_INCREMENT,
  `describe` varchar(25) COLLATE utf8_unicode_ci NOT NULL,
  `detail` text COLLATE utf8_unicode_ci NOT NULL,
  PRIMARY KEY (`id`)
) ENGINE=MyISAM AUTO_INCREMENT=9 DEFAULT CHARSET=utf8 COLLATE=utf8_unicode_ci;

-- Dumping data for table nourneer.tbl_time: 8 rows
/*!40000 ALTER TABLE `tbl_time` DISABLE KEYS */;
INSERT INTO `tbl_time` (`id`, `describe`, `detail`) VALUES
	(1, ' 1', ' 1  19  2558  17.00 - 20.00 .'),
	(2, ' 2', ' 2  19  2558  21.00-24.00 .'),
	(3, ' 3', ' 3  20  2558   17.00-20.00'),
	(4, ' 4', ' 4  20  2558  21.00-24.00'),
	(5, ' 5', ' 5  21  2558  17.00-20.00'),
	(6, ' 6', ' 6  21  2558  21.00-24.00'),
	(7, ' 7', ' 7  22  2558  17.00-20.00'),
	(8, ' 8', ' 8  22  2558  21.00-24.00');
/*!40000 ALTER TABLE `tbl_time` ENABLE KEYS */;


-- Dumping structure for table nourneer.tbl_user
CREATE TABLE IF NOT EXISTS `tbl_user` (
  `id` int(2) NOT NULL AUTO_INCREMENT,
  `user` varchar(10) NOT NULL,
  `password` varchar(64) NOT NULL,
  `permission` int(11) NOT NULL,
  PRIMARY KEY (`id`),
  UNIQUE KEY `user` (`user`)
) ENGINE=MyISAM AUTO_INCREMENT=6 DEFAULT CHARSET=latin1;

-- Dumping data for table nourneer.tbl_user: 1 rows
/*!40000 ALTER TABLE `tbl_user` DISABLE KEYS */;
INSERT INTO `tbl_user` (`id`, `user`, `password`, `permission`) VALUES
	(4, 'pichetnk', '84babba9c7693b3e7a6e78d225a896e19857c92a', 0),
	(5, 'admin01', '02d43760f7037b7343e18b24bd8fd843e92dc449', 1);
/*!40000 ALTER TABLE `tbl_user` ENABLE KEYS */;
/*!40101 SET SQL_MODE=IFNULL(@OLD_SQL_MODE, '') */;
/*!40014 SET FOREIGN_KEY_CHECKS=IF(@OLD_FOREIGN_KEY_CHECKS IS NULL, 1, @OLD_FOREIGN_KEY_CHECKS) */;
/*!40101 SET CHARACTER_SET_CLIENT=@OLD_CHARACTER_SET_CLIENT */;
